Date,AG,AI,AR,BE,BL,BS,FR,GE,GL,GR,JU,LU,NE,NW,OW,SG,SH,SO,SZ,TG,TI,UR,VD,VS,ZG,ZH,CH,AG_diff,AG_pc,AG_diff_pc,AI_diff,AI_pc,AI_diff_pc,AR_diff,AR_pc,AR_diff_pc,BE_diff,BE_pc,BE_diff_pc,BL_diff,BL_pc,BL_diff_pc,BS_diff,BS_pc,BS_diff_pc,FR_diff,FR_pc,FR_diff_pc,GE_diff,GE_pc,GE_diff_pc,GL_diff,GL_pc,GL_diff_pc,GR_diff,GR_pc,GR_diff_pc,JU_diff,JU_pc,JU_diff_pc,LU_diff,LU_pc,LU_diff_pc,NE_diff,NE_pc,NE_diff_pc,NW_diff,NW_pc,NW_diff_pc,OW_diff,OW_pc,OW_diff_pc,SG_diff,SG_pc,SG_diff_pc,SH_diff,SH_pc,SH_diff_pc,SO_diff,SO_pc,SO_diff_pc,SZ_diff,SZ_pc,SZ_diff_pc,TG_diff,TG_pc,TG_diff_pc,TI_diff,TI_pc,TI_diff_pc,UR_diff,UR_pc,UR_diff_pc,VD_diff,VD_pc,VD_diff_pc,VS_diff,VS_pc,VS_diff_pc,ZG_diff,ZG_pc,ZG_diff_pc,ZH_diff,ZH_pc,ZH_diff_pc,CH_diff,CH_pc,CH_diff_pc
2020-05-31,,,,11.0,0.0,,,2.0,,4.0,,,2.0,,,,,,,,32.0,,,22.0,,,205.0,,,,,,,,,,,7.2322363126640395e-06,,,0.0,,,,,,,,,1.3149520568480073e-06,,,,,,2.6299041136960146e-06,,,,,,,,,1.3149520568480073e-06,,,,,,,,,,,,,,,,,,,,,,,,2.1039232909568113e-05,,,,,,,,,1.4464472625328079e-05,,,,,,,,,0.00013478258582692076,
2020-06-01,,,,11.0,0.0,,,2.0,,4.0,,,2.0,,,,,,,,30.0,,,20.0,,,200.0,,,,,,,,,,0.0,7.2322363126640395e-06,0.0,0.0,0.0,0.0,,,,,,,0.0,1.3149520568480073e-06,0.0,,,,0.0,2.6299041136960146e-06,0.0,,,,,,,0.0,1.3149520568480073e-06,0.0,,,,,,,,,,,,,,,,,,,,,,-2.0,1.9724280852720108e-05,-1.3149520568480073e-06,,,,,,,-2.0,1.3149520568480072e-05,-1.3149520568480073e-06,,,,,,,-5.0,0.00013149520568480073,-3.2873801421200185e-06
2020-06-02,6.0,,,6.0,0.0,,,3.0,,4.0,,,2.0,,,,,,,,28.0,,,20.0,,,194.0,,3.9448561705440215e-06,,,,,,,,-5.0,3.944856170544022e-06,-3.287380142120018e-06,0.0,0.0,0.0,,,,,,,1.0,1.972428085272011e-06,6.574760284240036e-07,,,,0.0,2.6299041136960146e-06,0.0,,,,,,,0.0,1.3149520568480073e-06,0.0,,,,,,,,,,,,,,,,,,,,,,-2.0,1.84093287958721e-05,-1.3149520568480073e-06,,,,,,,0.0,1.3149520568480072e-05,0.0,,,,,,,-6.0,0.0001275503495142567,-3.944856170544022e-06
2020-06-03,,,,6.0,0.0,,,4.0,,4.0,,,2.0,,,,,,,,22.0,,,19.0,,,173.0,,,,,,,,,,0.0,3.944856170544022e-06,0.0,0.0,0.0,0.0,,,,,,,1.0,2.6299041136960146e-06,6.574760284240036e-07,,,,0.0,2.6299041136960146e-06,0.0,,,,,,,0.0,1.3149520568480073e-06,0.0,,,,,,,,,,,,,,,,,,,,,,-6.0,1.4464472625328082e-05,-3.944856170544022e-06,,,,,,,-1.0,1.249204454005607e-05,-6.574760284240036e-07,,,,,,,-21.0,0.00011374335291735262,-1.3806996596904078e-05
2020-06-04,7.0,,,6.0,0.0,,,4.0,,4.0,,,2.0,,,,,,,,20.0,,,20.0,,,175.0,3.0,4.602332198968026e-06,1.972428085272011e-06,,,,,,,0.0,3.944856170544022e-06,0.0,0.0,0.0,0.0,,,,,,,0.0,2.6299041136960146e-06,0.0,,,,0.0,2.6299041136960146e-06,0.0,,,,,,,0.0,1.3149520568480073e-06,0.0,,,,,,,,,,,,,,,,,,,,,,-2.0,1.3149520568480074e-05,-1.3149520568480073e-06,,,,,,,1.0,1.3149520568480072e-05,6.574760284240036e-07,,,,,,,2.0,0.00011505830497420063,1.3149520568480073e-06
2020-06-05,,,,5.0,0.0,,,4.0,,4.0,,,4.0,,,,,,,,19.0,,,20.0,,,173.0,,,,,,,,,,-1.0,3.2873801421200185e-06,-6.574760284240036e-07,0.0,0.0,0.0,,,,,,,0.0,2.6299041136960146e-06,0.0,,,,0.0,2.6299041136960146e-06,0.0,,,,,,,2.0,2.6299041136960146e-06,1.3149520568480073e-06,,,,,,,,,,,,,,,,,,,,,,-1.0,1.2492044540056071e-05,-6.574760284240036e-07,,,,,,,0.0,1.3149520568480072e-05,0.0,,,,,,,-2.0,0.00011374335291735263,-1.3149520568480073e-06
2020-06-06,,,,5.0,0.0,,,,,4.0,,,1.0,,,,,,,,16.0,,,20.0,,,162.0,,,,,,,,,,0.0,3.2873801421200185e-06,0.0,0.0,0.0,0.0,,,,,,,,,,,,,0.0,2.6299041136960146e-06,0.0,,,,,,,-3.0,6.574760284240036e-07,-1.972428085272011e-06,,,,,,,,,,,,,,,,,,,,,,-3.0,1.0519616454784058e-05,-1.972428085272011e-06,,,,,,,0.0,1.3149520568480072e-05,0.0,,,,,,,-11.0,0.00010651111660468859,-7.2322363126640395e-06
2020-06-07,,,,5.0,0.0,,,,,3.0,,,1.0,,,,,,,,16.0,,,20.0,,,160.0,,,,,,,,,,0.0,3.2873801421200185e-06,0.0,0.0,0.0,0.0,,,,,,,,,,,,,-1.0,1.972428085272011e-06,-6.574760284240036e-07,,,,,,,0.0,6.574760284240036e-07,0.0,,,,,,,,,,,,,,,,,,,,,,0.0,1.0519616454784058e-05,0.0,,,,,,,0.0,1.3149520568480072e-05,0.0,,,,,,,-2.0,0.00010519616454784058,-1.3149520568480075e-06
2020-06-08,6.0,,,3.0,0.0,,,5.0,,0.0,,,2.0,,,,,,,,15.0,,,20.0,,,138.0,1.0,3.9448561705440215e-06,6.574760284240036e-07,,,,,,,-2.0,1.972428085272011e-06,-1.3149520568480073e-06,0.0,0.0,0.0,,,,,,,0.0,3.287380142120018e-06,0.0,,,,-3.0,0.0,-1.972428085272011e-06,,,,,,,1.0,1.3149520568480073e-06,6.574760284240036e-07,,,,,,,,,,,,,,,,,,,,,,-1.0,9.862140426360054e-06,-6.574760284240036e-07,,,,,,,0.0,1.3149520568480072e-05,0.0,,,,,,,-22.0,9.07316919225125e-05,-1.446447262532808e-05
2020-06-09,,,,3.0,0.0,,,5.0,,0.0,,,2.0,,,,,,,,13.0,,,20.0,,,133.0,,,,,,,,,,0.0,1.972428085272011e-06,0.0,0.0,0.0,0.0,,,,,,,0.0,3.287380142120018e-06,0.0,,,,0.0,0.0,0.0,,,,,,,0.0,1.3149520568480073e-06,0.0,,,,,,,,,,,,,,,,,,,,,,-2.0,8.547188369512049e-06,-1.3149520568480073e-06,,,,,,,0.0,1.3149520568480072e-05,0.0,,,,,,,-5.0,8.744431178039248e-05,-3.2873801421200185e-06
2020-06-10,,,,4.0,0.0,,,5.0,,0.0,,,2.0,,,,,,,,10.0,,,19.0,,,127.0,,,,,,,,,,1.0,2.6299041136960146e-06,6.574760284240036e-07,0.0,0.0,0.0,,,,,,,0.0,3.287380142120018e-06,0.0,,,,0.0,0.0,0.0,,,,,,,0.0,1.3149520568480073e-06,0.0,,,,,,,,,,,,,,,,,,,,,,-3.0,6.574760284240037e-06,-1.972428085272011e-06,,,,,,,-1.0,1.249204454005607e-05,-6.574760284240036e-07,,,,,,,-6.0,8.349945560984845e-05,-3.944856170544022e-06
2020-06-11,4.0,,,4.0,0.0,,,5.0,,1.0,,,3.0,,,,,,,,10.0,,,18.0,,,122.0,0.0,2.6299041136960146e-06,0.0,,,,,,,0.0,2.6299041136960146e-06,0.0,0.0,0.0,0.0,,,,,,,0.0,3.287380142120018e-06,0.0,,,,1.0,6.574760284240036e-07,6.574760284240036e-07,,,,,,,1.0,1.972428085272011e-06,6.574760284240036e-07,,,,,,,,,,,,,,,,,,,,,,0.0,6.574760284240037e-06,0.0,,,,,,,-1.0,1.1834568511632067e-05,-6.574760284240036e-07,,,,,,,-5.0,8.021207546772846e-05,-3.287380142120018e-06
2020-06-12,,,,1.0,0.0,,,7.0,,1.0,,,3.0,,,,,,,,9.0,,,17.0,,,124.0,,,,,,,,,,-3.0,6.574760284240036e-07,-1.972428085272011e-06,0.0,0.0,0.0,,,,,,,2.0,4.602332198968026e-06,1.3149520568480073e-06,,,,0.0,6.574760284240036e-07,0.0,,,,,,,0.0,1.972428085272011e-06,0.0,,,,,,,,,,,,,,,,,,,,,,-1.0,5.917284255816033e-06,-6.574760284240036e-07,,,,,,,-1.0,1.1177092483208063e-05,-6.574760284240036e-07,,,,,,,2.0,8.152702752457646e-05,1.3149520568480075e-06
2020-06-13,,,,1.0,0.0,,,,,1.0,,,3.0,,,,,,,,9.0,,,14.0,,,118.0,,,,,,,,,,0.0,6.574760284240036e-07,0.0,0.0,0.0,0.0,,,,,,,,,,,,,0.0,6.574760284240036e-07,0.0,,,,,,,0.0,1.972428085272011e-06,0.0,,,,,,,,,,,,,,,,,,,,,,0.0,5.917284255816033e-06,0.0,,,,,,,-3.0,9.204664397936052e-06,-1.972428085272011e-06,,,,,,,-6.0,7.758217135403243e-05,-3.944856170544022e-06
2020-06-14,,,,1.0,0.0,,,,,1.0,,,3.0,,,,,,,,8.0,,,14.0,,,118.0,,,,,,,,,,0.0,6.574760284240036e-07,0.0,0.0,0.0,0.0,,,,,,,,,,,,,0.0,6.574760284240036e-07,0.0,,,,,,,0.0,1.972428085272011e-06,0.0,,,,,,,,,,,,,,,,,,,,,,-1.0,5.259808227392029e-06,-6.574760284240036e-07,,,,,,,0.0,9.204664397936052e-06,0.0,,,,,,,0.0,7.758217135403243e-05,0.0
2020-06-15,,,,1.0,0.0,,,4.0,,0.0,,,3.0,,,,,,,,6.0,,,14.0,,,108.0,,,,,,,,,,0.0,6.574760284240036e-07,0.0,0.0,0.0,0.0,,,,,,,-3.0,2.6299041136960146e-06,-1.972428085272011e-06,,,,-1.0,0.0,-6.574760284240036e-07,,,,,,,0.0,1.972428085272011e-06,0.0,,,,,,,,,,,,,,,,,,,,,,-2.0,3.944856170544022e-06,-1.3149520568480073e-06,,,,,,,0.0,9.204664397936052e-06,0.0,,,,,,,-10.0,7.10074110697924e-05,-6.574760284240036e-06
2020-06-16,,,,1.0,0.0,,,4.0,,0.0,,,2.0,,,,,,,,6.0,,,13.0,,,103.0,,,,,,,,,,0.0,6.574760284240036e-07,0.0,0.0,0.0,0.0,,,,,,,0.0,2.6299041136960146e-06,0.0,,,,0.0,0.0,0.0,,,,,,,-1.0,1.3149520568480073e-06,-6.574760284240036e-07,,,,,,,,,,,,,,,,,,,,,,0.0,3.944856170544022e-06,0.0,,,,,,,-1.0,8.547188369512047e-06,-6.574760284240036e-07,,,,,,,-5.0,6.772003092767238e-05,-3.2873801421200185e-06
2020-06-17,,,,3.0,0.0,,,4.0,,0.0,,,2.0,,,,,,,,6.0,,,13.0,,,105.0,,,,,,,,,,2.0,1.972428085272011e-06,1.3149520568480073e-06,0.0,0.0,0.0,,,,,,,0.0,2.6299041136960146e-06,0.0,,,,0.0,0.0,0.0,,,,,,,0.0,1.3149520568480073e-06,0.0,,,,,,,,,,,,,,,,,,,,,,0.0,3.944856170544022e-06,0.0,,,,,,,0.0,8.547188369512049e-06,0.0,,,,,,,2.0,6.903498298452038e-05,1.3149520568480075e-06
2020-06-18,,,,3.0,0.0,,,4.0,,0.0,,,2.0,,,,,,,,6.0,,,12.0,,,104.0,,,,,,,,,,0.0,1.972428085272011e-06,0.0,0.0,0.0,0.0,,,,,,,0.0,2.6299041136960146e-06,0.0,,,,0.0,0.0,0.0,,,,,,,0.0,1.3149520568480073e-06,0.0,,,,,,,,,,,,,,,,,,,,,,0.0,3.944856170544022e-06,0.0,,,,,,,-1.0,7.889712341088045e-06,-6.574760284240036e-07,,,,,,,-1.0,6.837750695609638e-05,-6.574760284240036e-07
2020-06-19,,,,3.0,0.0,,,6.0,,0.0,,,6.0,,,,,,,,6.0,,,12.0,,,107.0,,,,,,,,,,0.0,1.972428085272011e-06,0.0,0.0,0.0,0.0,,,,,,,2.0,3.944856170544022e-06,1.3149520568480073e-06,,,,0.0,0.0,0.0,,,,,,,4.0,3.944856170544022e-06,2.6299041136960146e-06,,,,,,,,,,,,,,,,,,,,,,0.0,3.944856170544022e-06,0.0,,,,,,,0.0,7.889712341088045e-06,0.0,,,,,,,3.0,7.034993504136839e-05,1.972428085272011e-06
2020-06-20,,,,3.0,0.0,,,,,0.0,,,2.0,,,,,,,,6.0,,,13.0,,,103.0,,,,,,,,,,0.0,1.972428085272011e-06,0.0,0.0,0.0,0.0,,,,,,,,,,,,,0.0,0.0,0.0,,,,,,,-4.0,1.3149520568480073e-06,-2.6299041136960146e-06,,,,,,,,,,,,,,,,,,,,,,0.0,3.944856170544022e-06,0.0,,,,,,,1.0,8.547188369512049e-06,6.574760284240036e-07,,,,,,,-4.0,6.772003092767238e-05,-2.6299041136960146e-06
2020-06-21,,,,3.0,0.0,,,,,0.0,,,2.0,,,,,,,,6.0,,,14.0,,,101.0,,,,,,,,,,0.0,1.972428085272011e-06,0.0,0.0,0.0,0.0,,,,,,,,,,,,,0.0,0.0,0.0,,,,,,,0.0,1.3149520568480073e-06,0.0,,,,,,,,,,,,,,,,,,,,,,0.0,3.944856170544022e-06,0.0,,,,,,,1.0,9.204664397936052e-06,6.574760284240036e-07,,,,,,,-2.0,6.640507887082437e-05,-1.3149520568480073e-06
2020-06-22,,,,2.0,0.0,,,5.0,,1.0,,,2.0,,,,,,,,6.0,,,13.0,,,101.0,,,,,,,,,,-1.0,1.3149520568480073e-06,-6.574760284240036e-07,0.0,0.0,0.0,,,,,,,1.0,3.287380142120018e-06,6.574760284240036e-07,,,,1.0,6.574760284240036e-07,6.574760284240036e-07,,,,,,,0.0,1.3149520568480073e-06,0.0,,,,,,,,,,,,,,,,,,,,,,0.0,3.944856170544022e-06,0.0,,,,,,,-1.0,8.547188369512049e-06,-6.574760284240036e-07,,,,,,,0.0,6.640507887082438e-05,0.0
2020-06-23,,,,2.0,0.0,,,8.0,,1.0,,,2.0,,,,,,,,6.0,,,13.0,,,98.0,,,,,,,,,,0.0,1.3149520568480073e-06,0.0,0.0,0.0,0.0,,,,,,,3.0,5.259808227392029e-06,1.972428085272011e-06,,,,0.0,6.574760284240036e-07,0.0,,,,,,,0.0,1.3149520568480073e-06,0.0,,,,,,,,,,,,,,,,,,,,,,0.0,3.944856170544022e-06,0.0,,,,,,,0.0,8.547188369512049e-06,0.0,,,,,,,-3.0,6.443265078555237e-05,-1.972428085272011e-06
2020-06-24,,,,1.0,0.0,,,6.0,,1.0,,,1.0,,,,,,,,6.0,,,13.0,,,96.0,,,,,,,,,,-1.0,6.574760284240036e-07,-6.574760284240036e-07,0.0,0.0,0.0,,,,,,,-2.0,3.944856170544022e-06,-1.3149520568480073e-06,,,,0.0,6.574760284240036e-07,0.0,,,,,,,-1.0,6.574760284240036e-07,-6.574760284240036e-07,,,,,,,,,,,,,,,,,,,,,,0.0,3.944856170544022e-06,0.0,,,,,,,0.0,8.547188369512049e-06,0.0,,,,,,,-2.0,6.311769872870434e-05,-1.3149520568480073e-06
2020-06-25,,,,1.0,0.0,,,8.0,,0.0,,,1.0,,,,,,,,5.0,,,11.0,,,95.0,,,,,,,,,,0.0,6.574760284240036e-07,0.0,0.0,0.0,0.0,,,,,,,2.0,5.259808227392029e-06,1.3149520568480073e-06,,,,-1.0,0.0,-6.574760284240036e-07,,,,,,,0.0,6.574760284240036e-07,0.0,,,,,,,,,,,,,,,,,,,,,,-1.0,3.2873801421200185e-06,-6.574760284240036e-07,,,,,,,-2.0,7.23223631266404e-06,-1.3149520568480073e-06,,,,,,,-1.0,6.246022270028034e-05,-6.574760284240034e-07
2020-06-26,,,,1.0,0.0,,,7.0,,0.0,,,3.0,,,,,,,,5.0,,,11.0,,,99.0,,,,,,,,,,0.0,6.574760284240036e-07,0.0,0.0,0.0,0.0,,,,,,,-1.0,4.602332198968026e-06,-6.574760284240036e-07,,,,0.0,0.0,0.0,,,,,,,2.0,1.972428085272011e-06,1.3149520568480073e-06,,,,,,,,,,,,,,,,,,,,,,0.0,3.2873801421200185e-06,0.0,,,,,,,0.0,7.23223631266404e-06,0.0,,,,,,,4.0,6.509012681397637e-05,2.6299041136960146e-06
2020-06-27,,,,1.0,0.0,,,,,0.0,,,2.0,,,,,,,,5.0,,,10.0,,,95.0,,,,,,,,,,0.0,6.574760284240036e-07,0.0,0.0,0.0,0.0,,,,,,,,,,,,,0.0,0.0,0.0,,,,,,,-1.0,1.3149520568480073e-06,-6.574760284240036e-07,,,,,,,,,,,,,,,,,,,,,,0.0,3.2873801421200185e-06,0.0,,,,,,,-1.0,6.574760284240036e-06,-6.574760284240036e-07,,,,,,,-4.0,6.246022270028034e-05,-2.6299041136960146e-06
2020-06-28,,,,1.0,0.0,,,,,0.0,,,2.0,,,,,,,,4.0,,,10.0,,,94.0,,,,,,,,,,0.0,6.574760284240036e-07,0.0,0.0,0.0,0.0,,,,,,,,,,,,,0.0,0.0,0.0,,,,,,,0.0,1.3149520568480073e-06,0.0,,,,,,,,,,,,,,,,,,,,,,-1.0,2.6299041136960146e-06,-6.574760284240036e-07,,,,,,,0.0,6.574760284240036e-06,0.0,,,,,,,-1.0,6.180274667185635e-05,-6.574760284240036e-07
2020-06-29,,,,2.0,0.0,,,7.0,,0.0,,,2.0,,,,,,,,4.0,,,10.0,,,107.0,,,,,,,,,,1.0,1.3149520568480073e-06,6.574760284240036e-07,0.0,0.0,0.0,,,,,,,-1.0,4.602332198968026e-06,-6.574760284240036e-07,,,,0.0,0.0,0.0,,,,,,,0.0,1.3149520568480073e-06,0.0,,,,,,,,,,,,,,,,,,,,,,0.0,2.6299041136960146e-06,0.0,,,,,,,0.0,6.574760284240036e-06,0.0,,,,,,,13.0,7.034993504136839e-05,8.547188369512049e-06
2020-06-30,,,,2.0,0.0,,,7.0,,0.0,,,2.0,,,,,,,,4.0,,,11.0,,,106.0,,,,,,,,,,0.0,1.3149520568480073e-06,0.0,0.0,0.0,0.0,,,,,,,0.0,4.602332198968026e-06,0.0,,,,0.0,0.0,0.0,,,,,,,0.0,1.3149520568480073e-06,0.0,,,,,,,,,,,,,,,,,,,,,,0.0,2.6299041136960146e-06,0.0,,,,,,,1.0,7.23223631266404e-06,6.574760284240036e-07,,,,,,,-1.0,6.969245901294439e-05,-6.574760284240036e-07
2020-07-01,,,,7.0,0.0,,,7.0,,0.0,,,1.0,,,,,,,,2.0,,,10.0,,,106.0,,,,,,,,,,5.0,4.602332198968026e-06,3.2873801421200185e-06,0.0,0.0,0.0,,,,,,,0.0,4.602332198968026e-06,0.0,,,,0.0,0.0,0.0,,,,,,,-1.0,6.574760284240036e-07,-6.574760284240036e-07,,,,,,,,,,,,,,,,,,,,,,-2.0,1.3149520568480073e-06,-1.3149520568480073e-06,,,,,,,-1.0,6.574760284240036e-06,-6.574760284240036e-07,,,,,,,0.0,6.969245901294439e-05,0.0
2020-07-02,,,,7.0,0.0,,,6.0,,0.0,,,1.0,,,,,,,,1.0,,,10.0,,,101.0,,,,,,,,,,0.0,4.602332198968026e-06,0.0,0.0,0.0,0.0,,,,,,,-1.0,3.9448561705440215e-06,-6.574760284240036e-07,,,,0.0,0.0,0.0,,,,,,,0.0,6.574760284240036e-07,0.0,,,,,,,,,,,,,,,,,,,,,,-1.0,6.574760284240036e-07,-6.574760284240036e-07,,,,,,,0.0,6.574760284240036e-06,0.0,,,,,,,-5.0,6.640507887082437e-05,-3.287380142120018e-06
2020-07-03,,,,6.0,0.0,,,,,0.0,,,2.0,,,,,,,,1.0,,,10.0,,,100.0,,,,,,,,,,-1.0,3.9448561705440215e-06,-6.574760284240039e-07,0.0,0.0,0.0,,,,,,,,,,,,,0.0,0.0,0.0,,,,,,,1.0,1.3149520568480073e-06,6.574760284240036e-07,,,,,,,,,,,,,,,,,,,,,,0.0,6.574760284240036e-07,0.0,,,,,,,0.0,6.574760284240036e-06,0.0,,,,,,,-1.0,6.574760284240037e-05,-6.574760284240039e-07
2020-07-04,,,,6.0,0.0,,,,,0.0,,,2.0,,,,,,,,0.0,,,10.0,,,101.0,,,,,,,,,,0.0,3.9448561705440215e-06,0.0,0.0,0.0,0.0,,,,,,,,,,,,,0.0,0.0,0.0,,,,,,,0.0,1.3149520568480073e-06,0.0,,,,,,,,,,,,,,,,,,,,,,-1.0,0.0,-6.574760284240036e-07,,,,,,,0.0,6.574760284240036e-06,0.0,,,,,,,1.0,6.640507887082437e-05,6.574760284240036e-07
2020-07-05,,,,6.0,0.0,,,,,0.0,,,2.0,,,,,,,,0.0,,,10.0,,,108.0,,,,,,,,,,0.0,3.9448561705440215e-06,0.0,0.0,0.0,0.0,,,,,,,,,,,,,0.0,0.0,0.0,,,,,,,0.0,1.3149520568480073e-06,0.0,,,,,,,,,,,,,,,,,,,,,,0.0,0.0,0.0,,,,,,,0.0,6.574760284240036e-06,0.0,,,,,,,7.0,7.100741106979239e-05,4.602332198968026e-06
2020-07-06,,,,5.0,1.0,,,,,0.0,,,2.0,,,,,,,,0.0,,,10.0,,,107.0,,,,,,,,,,-1.0,3.287380142120018e-06,-6.574760284240036e-07,1.0,6.574760284240036e-07,6.574760284240036e-07,,,,,,,,,,,,,0.0,0.0,0.0,,,,,,,0.0,1.3149520568480073e-06,0.0,,,,,,,,,,,,,,,,,,,,,,0.0,0.0,0.0,,,,,,,0.0,6.574760284240036e-06,0.0,,,,,,,-1.0,7.034993504136839e-05,-6.574760284240036e-07
2020-07-07,,,,5.0,1.0,,,,,0.0,,,2.0,,,,,,,,0.0,,,8.0,,,107.0,,,,,,,,,,0.0,3.287380142120018e-06,0.0,0.0,6.574760284240036e-07,0.0,,,,,,,,,,,,,0.0,0.0,0.0,,,,,,,0.0,1.3149520568480073e-06,0.0,,,,,,,,,,,,,,,,,,,,,,0.0,0.0,0.0,,,,,,,-2.0,5.259808227392029e-06,-1.3149520568480073e-06,,,,,,,0.0,7.034993504136839e-05,0.0
2020-07-08,,,,4.0,1.0,,,,,1.0,,,1.0,,,,,,,,1.0,,,8.0,,,102.0,,,,,,,,,,-1.0,2.6299041136960146e-06,-6.574760284240036e-07,0.0,6.574760284240036e-07,0.0,,,,,,,,,,,,,1.0,6.574760284240036e-07,6.574760284240036e-07,,,,,,,-1.0,6.574760284240036e-07,-6.574760284240036e-07,,,,,,,,,,,,,,,,,,,,,,1.0,6.574760284240036e-07,6.574760284240036e-07,,,,,,,0.0,5.259808227392029e-06,0.0,,,,,,,-5.0,6.706255489924837e-05,-3.287380142120019e-06
2020-07-09,,,,,1.0,,,,,1.0,,,1.0,,,,,,,,2.0,,,9.0,,,103.0,,,,,,,,,,,,,0.0,6.574760284240036e-07,0.0,,,,,,,,,,,,,0.0,6.574760284240036e-07,0.0,,,,,,,0.0,6.574760284240036e-07,0.0,,,,,,,,,,,,,,,,,,,,,,1.0,1.3149520568480073e-06,6.574760284240036e-07,,,,,,,1.0,5.917284255816033e-06,6.574760284240036e-07,,,,,,,1.0,6.772003092767238e-05,6.574760284240036e-07
2020-07-10,,,,7.0,3.0,,,,,1.0,,,3.0,,,,,,,,3.0,,,9.0,,,110.0,,,,,,,,,,3.0,4.602332198968026e-06,1.972428085272011e-06,2.0,1.972428085272011e-06,1.3149520568480073e-06,,,,,,,,,,,,,0.0,6.574760284240036e-07,0.0,,,,,,,2.0,1.972428085272011e-06,1.3149520568480073e-06,,,,,,,,,,,,,,,,,,,,,,1.0,1.972428085272011e-06,6.574760284240036e-07,,,,,,,0.0,5.9172842558160335e-06,0.0,,,,,,,7.0,7.23223631266404e-05,4.602332198968026e-06
2020-07-11,,,,,2.0,,,,,2.0,,,0.0,,,,,,,,4.0,,,9.0,,,106.0,,,,,,,,,,,,,-1.0,1.3149520568480073e-06,-6.574760284240036e-07,,,,,,,,,,,,,1.0,1.3149520568480073e-06,6.574760284240036e-07,,,,,,,-3.0,0.0,-1.972428085272011e-06,,,,,,,,,,,,,,,,,,,,,,1.0,2.6299041136960146e-06,6.574760284240036e-07,,,,,,,0.0,5.9172842558160335e-06,0.0,,,,,,,-4.0,6.969245901294439e-05,-2.6299041136960146e-06
2020-07-12,,,,,3.0,,,,,2.0,,,0.0,,,,,,,,6.0,,,9.0,,,116.0,,,,,,,,,,,,,1.0,1.972428085272011e-06,6.574760284240036e-07,,,,,,,,,,,,,0.0,1.3149520568480073e-06,0.0,,,,,,,0.0,0.0,0.0,,,,,,,,,,,,,,,,,,,,,,2.0,3.9448561705440215e-06,1.3149520568480073e-06,,,,,,,0.0,5.9172842558160335e-06,0.0,,,,,,,10.0,7.626721929718442e-05,6.574760284240036e-06
2020-07-13,,,,6.0,3.0,,,,,3.0,,,2.0,,,,,,,,6.0,,,8.0,,,131.0,,,,,,,,,,-1.0,3.944856170544022e-06,-6.574760284240036e-07,0.0,1.972428085272011e-06,0.0,,,,,,,,,,,,,1.0,1.972428085272011e-06,6.574760284240036e-07,,,,,,,2.0,1.3149520568480073e-06,1.3149520568480073e-06,,,,,,,,,,,,,,,,,,,,,,0.0,3.9448561705440215e-06,0.0,,,,,,,-1.0,5.259808227392029e-06,-6.574760284240036e-07,,,,,,,15.0,8.612935972354449e-05,9.862140426360056e-06
2020-07-14,,,,,3.0,,,,,1.0,,,2.0,,,,,,,,6.0,,,7.0,,,128.0,,,,,,,,,,,,,0.0,1.972428085272011e-06,0.0,,,,,,,,,,,,,-2.0,6.574760284240036e-07,-1.3149520568480073e-06,,,,,,,0.0,1.3149520568480073e-06,0.0,,,,,,,,,,,,,,,,,,,,,,0.0,3.9448561705440215e-06,0.0,,,,,,,-1.0,4.602332198968026e-06,-6.574760284240036e-07,,,,,,,-3.0,8.415693163827248e-05,-1.972428085272011e-06
2020-07-15,,,,5.0,2.0,,,,,1.0,,,1.0,,,,,,,,6.0,,,7.0,,,133.0,,,,,,,,,,-1.0,3.2873801421200185e-06,-6.574760284240036e-07,-1.0,1.3149520568480073e-06,-6.574760284240036e-07,,,,,,,,,,,,,0.0,6.574760284240036e-07,0.0,,,,,,,-1.0,6.574760284240036e-07,-6.574760284240036e-07,,,,,,,,,,,,,,,,,,,,,,0.0,3.9448561705440215e-06,0.0,,,,,,,0.0,4.602332198968026e-06,0.0,,,,,,,5.0,8.744431178039249e-05,3.2873801421200185e-06
2020-07-16,,,,,2.0,,,,,1.0,,,1.0,,,,,,,,7.0,,,7.0,,,130.0,,,,,,,,,,,,,0.0,1.3149520568480073e-06,0.0,,,,,,,,,,,,,0.0,6.574760284240036e-07,0.0,,,,,,,0.0,6.574760284240036e-07,0.0,,,,,,,,,,,,,,,,,,,,,,1.0,4.602332198968026e-06,6.574760284240036e-07,,,,,,,0.0,4.602332198968026e-06,0.0,,,,,,,-3.0,8.547188369512048e-05,-1.972428085272011e-06
2020-07-17,,,,7.0,3.0,,,,,1.0,,,1.0,,,,,,,,7.0,,,9.0,,,147.0,,,,,,,,,,2.0,4.602332198968026e-06,1.3149520568480073e-06,1.0,1.972428085272011e-06,6.574760284240036e-07,,,,,,,,,,,,,0.0,6.574760284240036e-07,0.0,,,,,,,0.0,6.574760284240036e-07,0.0,,,,,,,,,,,,,,,,,,,,,,0.0,4.602332198968026e-06,0.0,,,,,,,2.0,5.917284255816033e-06,1.3149520568480073e-06,,,,,,,17.0,9.664897617832853e-05,1.1177092483208063e-05
2020-07-18,,,,,0.0,,,,,1.0,,,1.0,,,,,,,,,,,8.0,,,146.0,,,,,,,,,,,,,-3.0,0.0,-1.972428085272011e-06,,,,,,,,,,,,,0.0,6.574760284240036e-07,0.0,,,,,,,0.0,6.574760284240036e-07,0.0,,,,,,,,,,,,,,,,,,,,,,,,,,,,,,,-1.0,5.259808227392029e-06,-6.574760284240036e-07,,,,,,,-1.0,9.599150014990453e-05,-6.574760284240036e-07
2020-07-19,,,,,0.0,,,,,1.0,,,1.0,,,,,,,,,,,8.0,,,150.0,,,,,,,,,,,,,0.0,0.0,0.0,,,,,,,,,,,,,0.0,6.574760284240036e-07,0.0,,,,,,,0.0,6.574760284240036e-07,0.0,,,,,,,,,,,,,,,,,,,,,,,,,,,,,,,0.0,5.259808227392029e-06,0.0,,,,,,,4.0,9.862140426360054e-05,2.6299041136960146e-06
2020-07-20,,,,11.0,0.0,,,,,1.0,,,2.0,,,,,,,,9.0,,,8.0,,,149.0,,,,,,,,,,4.0,7.23223631266404e-06,2.6299041136960146e-06,0.0,0.0,0.0,,,,,,,,,,,,,0.0,6.574760284240036e-07,0.0,,,,,,,1.0,1.3149520568480073e-06,6.574760284240036e-07,,,,,,,,,,,,,,,,,,,,,,2.0,5.917284255816033e-06,1.3149520568480073e-06,,,,,,,0.0,5.259808227392029e-06,0.0,,,,,,,-1.0,9.796392823517655e-05,-6.574760284240036e-07
2020-07-21,,,,,0.0,,,,,2.0,,,2.0,,,,,,,,7.0,,,7.0,,,148.0,,,,,,,,,,,,,0.0,0.0,0.0,,,,,,,,,,,,,1.0,1.3149520568480073e-06,6.574760284240036e-07,,,,,,,0.0,1.3149520568480073e-06,0.0,,,,,,,,,,,,,,,,,,,,,,-2.0,4.602332198968026e-06,-1.3149520568480073e-06,,,,,,,-1.0,4.602332198968026e-06,-6.574760284240036e-07,,,,,,,-1.0,9.730645220675253e-05,-6.574760284240036e-07
2020-07-22,,,,10.0,0.0,,,,,2.0,,,2.0,,,,,,,,7.0,,,7.0,,,137.0,,,,,,,,,,-1.0,6.574760284240037e-06,-6.574760284240036e-07,0.0,0.0,0.0,,,,,,,,,,,,,0.0,1.3149520568480073e-06,0.0,,,,,,,0.0,1.3149520568480073e-06,0.0,,,,,,,,,,,,,,,,,,,,,,0.0,4.602332198968026e-06,0.0,,,,,,,0.0,4.602332198968026e-06,0.0,,,,,,,-11.0,9.00742158940885e-05,-7.23223631266404e-06
2020-07-23,,,,,0.0,,,,,2.0,,,2.0,,,,,,,,7.0,,,7.0,,,140.0,,,,,,,,,,,,,0.0,0.0,0.0,,,,,,,,,,,,,0.0,1.3149520568480073e-06,0.0,,,,,,,0.0,1.3149520568480073e-06,0.0,,,,,,,,,,,,,,,,,,,,,,0.0,4.602332198968026e-06,0.0,,,,,,,0.0,4.602332198968026e-06,0.0,,,,,,,3.0,9.204664397936051e-05,1.972428085272011e-06
2020-07-24,,,,9.0,0.0,,,,,2.0,,,2.0,,,,,,,,8.0,,,8.0,,,143.0,,,,,,,,,,-1.0,5.9172842558160335e-06,-6.574760284240036e-07,0.0,0.0,0.0,,,,,,,,,,,,,0.0,1.3149520568480073e-06,0.0,,,,,,,0.0,1.3149520568480073e-06,0.0,,,,,,,,,,,,,,,,,,,,,,1.0,5.259808227392029e-06,6.574760284240036e-07,,,,,,,1.0,5.259808227392029e-06,6.574760284240036e-07,,,,,,,3.0,9.401907206463252e-05,1.972428085272011e-06
2020-07-25,,,,,0.0,,,,,1.0,,,2.0,,,,,,,,,,,7.0,,,140.0,,,,,,,,,,,,,0.0,0.0,0.0,,,,,,,,,,,,,-1.0,6.574760284240036e-07,-6.574760284240036e-07,,,,,,,0.0,1.3149520568480073e-06,0.0,,,,,,,,,,,,,,,,,,,,,,,,,,,,,,,-1.0,4.602332198968026e-06,-6.574760284240036e-07,,,,,,,-3.0,9.204664397936053e-05,-1.972428085272011e-06
2020-07-26,,,,,1.0,,,,,1.0,,,2.0,,,,,,,,,,,7.0,,,139.0,,,,,,,,,,,,,1.0,6.574760284240036e-07,6.574760284240036e-07,,,,,,,,,,,,,0.0,6.574760284240036e-07,0.0,,,,,,,0.0,1.3149520568480073e-06,0.0,,,,,,,,,,,,,,,,,,,,,,,,,,,,,,,0.0,4.602332198968026e-06,0.0,,,,,,,-1.0,9.138916795093651e-05,-6.574760284240036e-07
2020-07-27,,,,12.0,2.0,,,,,1.0,,,2.0,,,,,,,,4.0,,,7.0,,,145.0,,,,,,,,,,3.0,7.889712341088045e-06,1.972428085272011e-06,1.0,1.3149520568480073e-06,6.574760284240036e-07,,,,,,,,,,,,,0.0,6.574760284240036e-07,0.0,,,,,,,0.0,1.3149520568480073e-06,0.0,,,,,,,,,,,,,,,,,,,,,,-4.0,2.6299041136960146e-06,-2.6299041136960146e-06,,,,,,,0.0,4.602332198968026e-06,0.0,,,,,,,6.0,9.533402412148053e-05,3.944856170544022e-06
2020-07-28,,,,,2.0,,,,,1.0,,,1.0,,,,,,,,5.0,,,7.0,,,140.0,,,,,,,,,,,,,0.0,1.3149520568480073e-06,0.0,,,,,,,,,,,,,0.0,6.574760284240036e-07,0.0,,,,,,,-1.0,6.574760284240036e-07,-6.574760284240036e-07,,,,,,,,,,,,,,,,,,,,,,1.0,3.287380142120018e-06,6.574760284240036e-07,,,,,,,0.0,4.602332198968026e-06,0.0,,,,,,,-5.0,9.204664397936051e-05,-3.2873801421200185e-06
2020-07-29,,,,14.0,4.0,,,,,1.0,,,0.0,,,,,,,,2.0,,,7.0,,,150.0,,,,,,,,,,2.0,9.204664397936052e-06,1.3149520568480073e-06,2.0,2.6299041136960146e-06,1.3149520568480073e-06,,,,,,,,,,,,,0.0,6.574760284240036e-07,0.0,,,,,,,-1.0,0.0,-6.574760284240036e-07,,,,,,,,,,,,,,,,,,,,,,-3.0,1.3149520568480073e-06,-1.972428085272011e-06,,,,,,,0.0,4.602332198968026e-06,0.0,,,,,,,10.0,9.862140426360054e-05,6.574760284240038e-06
2020-07-30,,,,,4.0,,,,,1.0,,,3.0,,,,,,,,5.0,,,7.0,,,168.0,,,,,,,,,,,,,0.0,2.6299041136960146e-06,0.0,,,,,,,,,,,,,0.0,6.574760284240036e-07,0.0,,,,,,,3.0,1.972428085272011e-06,1.972428085272011e-06,,,,,,,,,,,,,,,,,,,,,,3.0,3.287380142120018e-06,1.972428085272011e-06,,,,,,,0.0,4.602332198968026e-06,0.0,,,,,,,18.0,0.00011045597277523261,1.1834568511632067e-05
2020-07-31,,,,15.0,4.0,,,,,1.0,,,2.0,,,,,,,,5.0,,,6.0,,,181.0,,,,,,,,,,1.0,9.862140426360056e-06,6.574760284240036e-07,0.0,2.6299041136960146e-06,0.0,,,,,,,,,,,,,0.0,6.574760284240036e-07,0.0,,,,,,,-1.0,1.3149520568480073e-06,-6.574760284240036e-07,,,,,,,,,,,,,,,,,,,,,,0.0,3.287380142120018e-06,0.0,,,,,,,-1.0,3.9448561705440215e-06,-6.574760284240036e-07,,,,,,,13.0,0.00011900316114474466,8.547188369512049e-06
2020-08-01,,,,,3.0,,,,,1.0,,,2.0,,,,,,,,,,,6.0,,,187.0,,,,,,,,,,,,,-1.0,1.972428085272011e-06,-6.574760284240036e-07,,,,,,,,,,,,,0.0,6.574760284240036e-07,0.0,,,,,,,0.0,1.3149520568480073e-06,0.0,,,,,,,,,,,,,,,,,,,,,,,,,,,,,,,0.0,3.9448561705440215e-06,0.0,,,,,,,6.0,0.0001229480173152887,3.944856170544022e-06
2020-08-02,,,,,3.0,,,,,1.0,,,2.0,,,,,,,,,,,6.0,,,192.0,,,,,,,,,,,,,0.0,1.972428085272011e-06,0.0,,,,,,,,,,,,,0.0,6.574760284240036e-07,0.0,,,,,,,0.0,1.3149520568480073e-06,0.0,,,,,,,,,,,,,,,,,,,,,,,,,,,,,,,0.0,3.9448561705440215e-06,0.0,,,,,,,5.0,0.0001262353974574087,3.287380142120019e-06
2020-08-03,,,,14.0,2.0,,,,,1.0,,,2.0,,,,,,,,2.0,,,6.0,,,192.0,,,,,,,,,,-1.0,9.204664397936052e-06,-6.574760284240036e-07,-1.0,1.3149520568480073e-06,-6.574760284240036e-07,,,,,,,,,,,,,0.0,6.574760284240036e-07,0.0,,,,,,,0.0,1.3149520568480073e-06,0.0,,,,,,,,,,,,,,,,,,,,,,-3.0,1.3149520568480073e-06,-1.972428085272011e-06,,,,,,,0.0,3.9448561705440215e-06,0.0,,,,,,,0.0,0.0001262353974574087,2.117582368135751e-22
2020-08-04,,,,,2.0,,,,,1.0,,,1.0,,,,,,,,2.0,,,6.0,,,184.0,,,,,,,,,,,,,0.0,1.3149520568480073e-06,0.0,,,,,,,,,,,,,0.0,6.574760284240036e-07,0.0,,,,,,,-1.0,6.574760284240036e-07,-6.574760284240036e-07,,,,,,,,,,,,,,,,,,,,,,0.0,1.3149520568480073e-06,0.0,,,,,,,0.0,3.9448561705440215e-06,0.0,,,,,,,-8.0,0.00012097558923001668,-5.259808227392029e-06
2020-08-05,,,,16.0,0.0,,,,,1.0,,,1.0,,,,,,,,2.0,,,6.0,,,173.0,,,,,,,,,,2.0,1.051961645478406e-05,1.3149520568480073e-06,-2.0,0.0,-1.3149520568480073e-06,,,,,,,,,,,,,0.0,6.574760284240036e-07,0.0,,,,,,,0.0,6.574760284240036e-07,0.0,,,,,,,,,,,,,,,,,,,,,,0.0,1.3149520568480073e-06,0.0,,,,,,,0.0,3.9448561705440215e-06,0.0,,,,,,,-11.0,0.00011374335291735263,-7.23223631266404e-06
2020-08-06,,,,,3.0,,,,,1.0,,,1.0,,,,,,,,3.0,,,6.0,,,165.0,,,,,,,,,,,,,3.0,1.972428085272011e-06,1.972428085272011e-06,,,,,,,,,,,,,0.0,6.574760284240036e-07,0.0,,,,,,,0.0,6.574760284240036e-07,0.0,,,,,,,,,,,,,,,,,,,,,,1.0,1.972428085272011e-06,6.574760284240036e-07,,,,,,,0.0,3.9448561705440215e-06,0.0,,,,,,,-8.0,0.0001084835446899606,-5.259808227392029e-06
2020-08-07,,,,15.0,1.0,,,,,1.0,,,1.0,,,,,,,,2.0,,,6.0,,,158.0,,,,,,,,,,-1.0,9.862140426360056e-06,-6.574760284240036e-07,-2.0,6.574760284240036e-07,-1.3149520568480073e-06,,,,,,,,,,,,,0.0,6.574760284240036e-07,0.0,,,,,,,0.0,6.574760284240036e-07,0.0,,,,,,,,,,,,,,,,,,,,,,-1.0,1.3149520568480073e-06,-6.574760284240036e-07,,,,,,,0.0,3.9448561705440215e-06,0.0,,,,,,,-7.0,0.00010388121249099258,-4.602332198968025e-06
2020-08-08,,,,,1.0,,,,,1.0,,,1.0,,,,,,,,,,,6.0,,,156.0,,,,,,,,,,,,,0.0,6.574760284240036e-07,0.0,,,,,,,,,,,,,0.0,6.574760284240036e-07,0.0,,,,,,,0.0,6.574760284240036e-07,0.0,,,,,,,,,,,,,,,,,,,,,,,,,,,,,,,0.0,3.9448561705440215e-06,0.0,,,,,,,-2.0,0.00010256626043414457,-1.3149520568480073e-06
2020-08-09,,,,,1.0,,,,,1.0,,,1.0,,,,,,,,,,,6.0,,,158.0,,,,,,,,,,,,,0.0,6.574760284240036e-07,0.0,,,,,,,,,,,,,0.0,6.574760284240036e-07,0.0,,,,,,,0.0,6.574760284240036e-07,0.0,,,,,,,,,,,,,,,,,,,,,,,,,,,,,,,0.0,3.9448561705440215e-06,0.0,,,,,,,2.0,0.00010388121249099258,1.3149520568480075e-06
2020-08-10,,,,14.0,1.0,,,,,0.0,,,0.0,,,,,,,,1.0,,,6.0,,,160.0,,,,,,,,,,-1.0,9.204664397936052e-06,-6.574760284240036e-07,0.0,6.574760284240036e-07,0.0,,,,,,,,,,,,,-1.0,0.0,-6.574760284240036e-07,,,,,,,-1.0,0.0,-6.574760284240036e-07,,,,,,,,,,,,,,,,,,,,,,-1.0,6.574760284240036e-07,-6.574760284240036e-07,,,,,,,0.0,3.9448561705440215e-06,0.0,,,,,,,2.0,0.00010519616454784059,1.3149520568480075e-06
2020-08-11,,,,,1.0,,,,,0.0,,,0.0,,,,,,,,1.0,,,7.0,,,155.0,,,,,,,,,,,,,0.0,6.574760284240036e-07,0.0,,,,,,,,,,,,,0.0,0.0,0.0,,,,,,,0.0,0.0,0.0,,,,,,,,,,,,,,,,,,,,,,0.0,6.574760284240036e-07,0.0,,,,,,,1.0,4.602332198968026e-06,6.574760284240036e-07,,,,,,,-5.0,0.00010190878440572057,-3.2873801421200185e-06
2020-08-12,,,,14.0,1.0,,,,,0.0,,,0.0,,,19.0,,,,,1.0,,,8.0,,,165.0,,,,,,,,,,0.0,9.204664397936052e-06,0.0,0.0,6.574760284240036e-07,0.0,,,,,,,,,,,,,0.0,0.0,0.0,,,,,,,0.0,0.0,0.0,,,,,,,,1.249204454005607e-05,,,,,,,,,,,,,,0.0,6.574760284240036e-07,0.0,,,,,,,1.0,5.259808227392029e-06,6.574760284240036e-07,,,,,,,10.0,0.0001084835446899606,6.574760284240037e-06
2020-08-13,,,,,2.0,,,,,0.0,,,0.0,,,18.0,,,,,1.0,,,8.0,,,160.0,,,,,,,,,,,,,1.0,1.3149520568480073e-06,6.574760284240036e-07,,,,,,,,,,,,,0.0,0.0,0.0,,,,,,,0.0,0.0,0.0,,,,,,,-1.0,1.1834568511632067e-05,-6.574760284240036e-07,,,,,,,,,,,,,0.0,6.574760284240036e-07,0.0,,,,,,,0.0,5.259808227392029e-06,0.0,,,,,,,-5.0,0.00010519616454784059,-3.2873801421200185e-06
2020-08-14,,,,,2.0,,,,,0.0,,,0.0,,,11.0,,,,,1.0,,,8.0,,,149.0,,,,,,,,,,,,,0.0,1.3149520568480073e-06,0.0,,,,,,,,,,,,,0.0,0.0,0.0,,,,,,,0.0,0.0,0.0,,,,,,,-7.0,7.23223631266404e-06,-4.602332198968026e-06,,,,,,,,,,,,,0.0,6.574760284240036e-07,0.0,,,,,,,0.0,5.259808227392029e-06,0.0,,,,,,,-11.0,9.796392823517655e-05,-7.23223631266404e-06
2020-08-15,,,,,2.0,,,,,0.0,,,0.0,,,,,,,,,,,8.0,,,154.0,,,,,,,,,,,,,0.0,1.3149520568480073e-06,0.0,,,,,,,,,,,,,0.0,0.0,0.0,,,,,,,0.0,0.0,0.0,,,,,,,,,,,,,,,,,,,,,,,,,,,,,,,0.0,5.259808227392029e-06,0.0,,,,,,,5.0,0.00010125130837729657,3.2873801421200185e-06
2020-08-16,,,,,2.0,,,,,0.0,,,0.0,,,,,,,,,,,8.0,,,159.0,,,,,,,,,,,,,0.0,1.3149520568480073e-06,0.0,,,,,,,,,,,,,0.0,0.0,0.0,,,,,,,0.0,0.0,0.0,,,,,,,,,,,,,,,,,,,,,,,,,,,,,,,0.0,5.259808227392029e-06,0.0,,,,,,,5.0,0.00010453868851941658,3.287380142120018e-06
2020-08-17,,,,9.0,2.0,,,,,1.0,,,0.0,,,12.0,,,,,1.0,,,8.0,,,164.0,,,,,,,,,,-3.0,5.917284255816033e-06,-1.972428085272011e-06,0.0,1.3149520568480073e-06,0.0,,,,,,,,,,,,,1.0,6.574760284240036e-07,6.574760284240036e-07,,,,,,,0.0,0.0,0.0,,,,,,,1.0,7.889712341088045e-06,6.574760284240036e-07,,,,,,,,,,,,,0.0,6.574760284240036e-07,0.0,,,,,,,0.0,5.259808227392029e-06,0.0,,,,,,,5.0,0.0001078260686615366,3.2873801421200185e-06
2020-08-18,,,,,3.0,,,,,1.0,,,0.0,,,12.0,,,,,1.0,,,9.0,,,168.0,,,,,,,,,,,,,1.0,1.972428085272011e-06,6.574760284240036e-07,,,,,,,,,,,,,0.0,6.574760284240036e-07,0.0,,,,,,,0.0,0.0,0.0,,,,,,,0.0,7.889712341088045e-06,0.0,,,,,,,,,,,,,0.0,6.574760284240036e-07,0.0,,,,,,,1.0,5.917284255816033e-06,6.574760284240036e-07,,,,,,,4.0,0.00011045597277523262,2.6299041136960146e-06
2020-08-19,,,,8.0,3.0,,,,,2.0,,,0.0,,,,,,,,0.0,,,8.0,,,169.0,,,,,,,,,,-1.0,5.259808227392029e-06,-6.574760284240036e-07,0.0,1.972428085272011e-06,0.0,,,,,,,,,,,,,1.0,1.3149520568480073e-06,6.574760284240036e-07,,,,,,,0.0,0.0,0.0,,,,,,,,,,,,,,,,,,,,,,-1.0,0.0,-6.574760284240036e-07,,,,,,,-1.0,5.259808227392029e-06,-6.574760284240036e-07,,,,,,,1.0,0.00011111344880365662,6.574760284240036e-07
2020-08-20,,,,,3.0,,,,,1.0,,,0.0,,,14.0,,,,,0.0,,,10.0,,,161.0,,,,,,,,,,,,,0.0,1.972428085272011e-06,0.0,,,,,,,,,,,,,-1.0,6.574760284240036e-07,-6.574760284240036e-07,,,,,,,0.0,0.0,0.0,,,,,,,2.0,9.20466439793605e-06,1.3149520568480073e-06,,,,,,,,,,,,,0.0,0.0,0.0,,,,,,,2.0,6.574760284240036e-06,1.3149520568480073e-06,,,,,,,-8.0,0.00010585364057626459,-5.259808227392029e-06
2020-08-21,,,,8.0,3.0,,,,,1.0,,,0.0,,,14.0,,,,,0.0,,,10.0,,,155.0,,,,,,,,,,0.0,5.259808227392029e-06,0.0,0.0,1.972428085272011e-06,0.0,,,,,,,,,,,,,0.0,6.574760284240036e-07,0.0,,,,,,,0.0,0.0,0.0,,,,,,,0.0,9.20466439793605e-06,0.0,,,,,,,,,,,,,0.0,0.0,0.0,,,,,,,0.0,6.574760284240036e-06,0.0,,,,,,,-6.0,0.00010190878440572055,-3.944856170544022e-06
2020-08-22,,,,,3.0,,,,,1.0,,,0.0,,,,,,,,,,,10.0,,,155.0,,,,,,,,,,,,,0.0,1.972428085272011e-06,0.0,,,,,,,,,,,,,0.0,6.574760284240036e-07,0.0,,,,,,,0.0,0.0,0.0,,,,,,,,,,,,,,,,,,,,,,,,,,,,,,,0.0,6.574760284240036e-06,0.0,,,,,,,0.0,0.00010190878440572057,0.0
2020-08-23,,,,,3.0,,,,,1.0,,,0.0,,,13.0,,,,,,,,9.0,,,154.0,,,,,,,,,,,,,0.0,1.972428085272011e-06,0.0,,,,,,,,,,,,,0.0,6.574760284240036e-07,0.0,,,,,,,0.0,0.0,0.0,,,,,,,-1.0,8.547188369512047e-06,-6.574760284240036e-07,,,,,,,,,,,,,,,,,,,,,,-1.0,5.917284255816033e-06,-6.574760284240036e-07,,,,,,,-1.0,0.00010125130837729657,-6.574760284240036e-07
2020-08-24,,,,6.0,3.0,,,,,1.0,,,0.0,,,14.0,,,,,1.0,,,8.0,,,154.0,,,,,,,,,,-2.0,3.9448561705440215e-06,-1.3149520568480073e-06,0.0,1.972428085272011e-06,0.0,,,,,,,,,,,,,0.0,6.574760284240036e-07,0.0,,,,,,,0.0,0.0,0.0,,,,,,,1.0,9.20466439793605e-06,6.574760284240036e-07,,,,,,,,,,,,,1.0,6.574760284240036e-07,6.574760284240036e-07,,,,,,,-1.0,5.259808227392029e-06,-6.574760284240036e-07,,,,,,,0.0,0.00010125130837729657,0.0
2020-08-25,,,,,3.0,,,,,1.0,,,2.0,,,12.0,,,,,1.0,,,7.0,,,146.0,,,,,,,,,,,,,0.0,1.972428085272011e-06,0.0,,,,,,,,,,,,,0.0,6.574760284240036e-07,0.0,,,,,,,2.0,1.3149520568480073e-06,1.3149520568480073e-06,,,,,,,-2.0,7.889712341088045e-06,-1.3149520568480075e-06,,,,,,,,,,,,,0.0,6.574760284240036e-07,0.0,,,,,,,-1.0,4.602332198968026e-06,-6.574760284240036e-07,,,,,,,-8.0,9.599150014990453e-05,-5.259808227392029e-06
2020-08-26,,,,6.0,4.0,,,,,0.0,,,0.0,,,10.0,,,,,1.0,,,6.0,,,147.0,,,,,,,,,,0.0,3.9448561705440215e-06,0.0,1.0,2.6299041136960146e-06,6.574760284240036e-07,,,,,,,,,,,,,-1.0,0.0,-6.574760284240036e-07,,,,,,,-2.0,0.0,-1.3149520568480073e-06,,,,,,,-2.0,6.574760284240036e-06,-1.3149520568480073e-06,,,,,,,,,,,,,0.0,6.574760284240036e-07,0.0,,,,,,,-1.0,3.9448561705440215e-06,-6.574760284240036e-07,,,,,,,1.0,9.664897617832853e-05,6.574760284240036e-07
2020-08-27,,,,,5.0,,,,,0.0,,,0.0,,,9.0,,,,,1.0,,,3.0,,,138.0,,,,,,,,,,,,,1.0,3.287380142120018e-06,6.574760284240036e-07,,,,,,,,,,,,,0.0,0.0,0.0,,,,,,,0.0,0.0,0.0,,,,,,,-1.0,5.9172842558160335e-06,-6.574760284240036e-07,,,,,,,,,,,,,0.0,6.574760284240036e-07,0.0,,,,,,,-3.0,1.972428085272011e-06,-1.972428085272011e-06,,,,,,,-9.0,9.073169192251251e-05,-5.9172842558160335e-06
2020-08-28,,,,6.0,5.0,,,,,0.0,,,0.0,,,9.0,,,,,1.0,,,3.0,,,138.0,,,,,,,,,,0.0,3.9448561705440215e-06,0.0,0.0,3.287380142120018e-06,0.0,,,,,,,,,,,,,0.0,0.0,0.0,,,,,,,0.0,0.0,0.0,,,,,,,0.0,5.9172842558160335e-06,0.0,,,,,,,,,,,,,0.0,6.574760284240036e-07,0.0,,,,,,,0.0,1.972428085272011e-06,0.0,,,,,,,0.0,9.073169192251251e-05,0.0
2020-08-29,,,,,5.0,,,,,0.0,,,1.0,,,,,,,,,,,3.0,,,139.0,,,,,,,,,,,,,0.0,3.287380142120018e-06,0.0,,,,,,,,,,,,,0.0,0.0,0.0,,,,,,,1.0,6.574760284240036e-07,6.574760284240036e-07,,,,,,,,,,,,,,,,,,,,,,,,,,,,,,,0.0,1.972428085272011e-06,0.0,,,,,,,1.0,9.138916795093651e-05,6.574760284240036e-07
2020-08-30,,,,,5.0,,,,,0.0,,,1.0,,,11.0,,,,,,,,3.0,,,142.0,,,,,,,,,,,,,0.0,3.287380142120018e-06,0.0,,,,,,,,,,,,,0.0,0.0,0.0,,,,,,,0.0,6.574760284240036e-07,0.0,,,,,,,2.0,7.23223631266404e-06,1.3149520568480073e-06,,,,,,,,,,,,,,,,,,,,,,0.0,1.972428085272011e-06,0.0,,,,,,,3.0,9.336159603620854e-05,1.972428085272011e-06
2020-08-31,,,,11.0,4.0,,,,,0.0,,,1.0,,,8.0,,,,,1.0,,,3.0,,,145.0,,,,,,,,,,5.0,7.23223631266404e-06,3.287380142120018e-06,-1.0,2.6299041136960146e-06,-6.574760284240036e-07,,,,,,,,,,,,,0.0,0.0,0.0,,,,,,,0.0,6.574760284240036e-07,0.0,,,,,,,-3.0,5.259808227392029e-06,-1.972428085272011e-06,,,,,,,,,,,,,0.0,6.574760284240036e-07,0.0,,,,,,,0.0,1.972428085272011e-06,0.0,,,,,,,3.0,9.533402412148053e-05,1.972428085272011e-06
2020-09-01,,,,,1.0,,,,,1.0,,,0.0,,,10.0,,,,,1.0,,,3.0,,,144.0,,,,,,,,,,,,,-3.0,6.574760284240036e-07,-1.972428085272011e-06,,,,,,,,,,,,,1.0,6.574760284240036e-07,6.574760284240036e-07,,,,,,,-1.0,0.0,-6.574760284240036e-07,,,,,,,2.0,6.574760284240036e-06,1.3149520568480073e-06,,,,,,,,,,,,,0.0,6.574760284240036e-07,0.0,,,,,,,0.0,1.972428085272011e-06,0.0,,,,,,,-1.0,9.467654809305654e-05,-6.574760284240036e-07
2020-09-02,,,,8.0,1.0,,,,,1.0,,,0.0,,,8.0,,,,,1.0,,,3.0,,,136.0,,,,,,,,,,-3.0,5.259808227392029e-06,-1.972428085272011e-06,0.0,6.574760284240036e-07,0.0,,,,,,,,,,,,,0.0,6.574760284240036e-07,0.0,,,,,,,0.0,0.0,0.0,,,,,,,-2.0,5.259808227392029e-06,-1.3149520568480073e-06,,,,,,,,,,,,,0.0,6.574760284240036e-07,0.0,,,,,,,0.0,1.972428085272011e-06,0.0,,,,,,,-8.0,8.941673986566449e-05,-5.259808227392029e-06
2020-09-03,,,,,0.0,,,,,1.0,,,0.0,,,8.0,,,,,1.0,,,3.0,,,142.0,,,,,,,,,,,,,-1.0,0.0,-6.574760284240036e-07,,,,,,,,,,,,,0.0,6.574760284240036e-07,0.0,,,,,,,0.0,0.0,0.0,,,,,,,0.0,5.259808227392029e-06,0.0,,,,,,,,,,,,,0.0,6.574760284240036e-07,0.0,,,,,,,0.0,1.972428085272011e-06,0.0,,,,,,,6.0,9.336159603620851e-05,3.944856170544022e-06
2020-09-04,,,,8.0,0.0,,,,,1.0,,,1.0,,,,,,,,1.0,,,3.0,,,146.0,,,,,,,,,,0.0,5.259808227392029e-06,0.0,0.0,0.0,0.0,,,,,,,,,,,,,0.0,6.574760284240036e-07,0.0,,,,,,,1.0,6.574760284240036e-07,6.574760284240036e-07,,,,,,,,,,,,,,,,,,,,,,0.0,6.574760284240036e-07,0.0,,,,,,,0.0,1.972428085272011e-06,0.0,,,,,,,4.0,9.599150014990455e-05,2.6299041136960146e-06
2020-09-05,,,,,0.0,,,,,1.0,,,1.0,,,,,,,,,,,3.0,,,155.0,,,,,,,,,,,,,0.0,0.0,0.0,,,,,,,,,,,,,0.0,6.574760284240036e-07,0.0,,,,,,,0.0,6.574760284240036e-07,0.0,,,,,,,,,,,,,,,,,,,,,,,,,,,,,,,0.0,1.972428085272011e-06,0.0,,,,,,,9.0,0.00010190878440572057,5.917284255816033e-06
2020-09-06,,,,,0.0,,,,,1.0,,,1.0,,,9.0,,,,,,,,3.0,,,149.0,,,,,,,,,,,,,0.0,0.0,0.0,,,,,,,,,,,,,0.0,6.574760284240036e-07,0.0,,,,,,,0.0,6.574760284240036e-07,0.0,,,,,,,1.0,5.917284255816033e-06,6.574760284240036e-07,,,,,,,,,,,,,,,,,,,,,,0.0,1.972428085272011e-06,0.0,,,,,,,-6.0,9.796392823517655e-05,-3.944856170544022e-06
2020-09-07,,,,6.0,0.0,,,,,1.0,,,2.0,,,9.0,,,,,0.0,,,4.0,,,157.0,,,,,,,,,,-2.0,3.944856170544022e-06,-1.3149520568480073e-06,0.0,0.0,0.0,,,,,,,,,,,,,0.0,6.574760284240036e-07,0.0,,,,,,,1.0,1.3149520568480073e-06,6.574760284240036e-07,,,,,,,0.0,5.917284255816033e-06,0.0,,,,,,,,,,,,,-1.0,0.0,-6.574760284240036e-07,,,,,,,1.0,2.6299041136960146e-06,6.574760284240036e-07,,,,,,,8.0,0.00010322373646256858,5.25980822739203e-06
2020-09-08,,,,,0.0,,,,,1.0,,,2.0,,,8.0,,,,,0.0,,,6.0,,,150.0,,,,,,,,,,,,,0.0,0.0,0.0,,,,,,,,,,,,,0.0,6.574760284240036e-07,0.0,,,,,,,0.0,1.3149520568480073e-06,0.0,,,,,,,-1.0,5.259808227392029e-06,-6.574760284240036e-07,,,,,,,,,,,,,0.0,0.0,0.0,,,,,,,2.0,3.944856170544022e-06,1.3149520568480073e-06,,,,,,,-7.0,9.862140426360054e-05,-4.602332198968026e-06
2020-09-09,,,,9.0,0.0,,,,,1.0,,,3.0,,,12.0,,,,,0.0,,,4.0,,,153.0,,,,,,,,,,3.0,5.917284255816033e-06,1.972428085272011e-06,0.0,0.0,0.0,,,,,,,,,,,,,0.0,6.574760284240036e-07,0.0,,,,,,,1.0,1.972428085272011e-06,6.574760284240036e-07,,,,,,,4.0,7.889712341088045e-06,2.6299041136960146e-06,,,,,,,,,,,,,0.0,0.0,0.0,,,,,,,-2.0,2.6299041136960146e-06,-1.3149520568480073e-06,,,,,,,3.0,0.00010059383234887256,1.972428085272011e-06
2020-09-10,,,,,0.0,,,,,1.0,,,1.0,,,12.0,,,,,0.0,,,4.0,,,153.0,,,,,,,,,,,,,0.0,0.0,0.0,,,,,,,,,,,,,0.0,6.574760284240036e-07,0.0,,,,,,,-2.0,6.574760284240036e-07,-1.3149520568480073e-06,,,,,,,0.0,7.889712341088045e-06,0.0,,,,,,,,,,,,,0.0,0.0,0.0,,,,,,,0.0,2.6299041136960146e-06,0.0,,,,,,,0.0,0.00010059383234887256,0.0
2020-09-11,,,,11.0,0.0,,,,,1.0,,,1.0,,,,,,,,0.0,,,4.0,,,161.0,,,,,,,,,,2.0,7.2322363126640395e-06,1.3149520568480073e-06,0.0,0.0,0.0,,,,,,,,,,,,,0.0,6.574760284240036e-07,0.0,,,,,,,0.0,6.574760284240036e-07,0.0,,,,,,,,,,,,,,,,,,,,,,0.0,0.0,0.0,,,,,,,0.0,2.6299041136960146e-06,0.0,,,,,,,8.0,0.00010585364057626459,5.259808227392029e-06
2020-09-12,,,,,2.0,,,,,1.0,,,1.0,,,,,,,,,,,7.0,,,175.0,,,,,,,,,,,,,2.0,1.3149520568480073e-06,1.3149520568480073e-06,,,,,,,,,,,,,0.0,6.574760284240036e-07,0.0,,,,,,,0.0,6.574760284240036e-07,0.0,,,,,,,,,,,,,,,,,,,,,,,,,,,,,,,3.0,4.602332198968026e-06,1.972428085272011e-06,,,,,,,14.0,0.00011505830497420065,9.204664397936052e-06
2020-09-13,,,,,2.0,,,,,1.0,,,1.0,,,,,,,,,,,7.0,,,178.0,,,,,,,,,,,,,0.0,1.3149520568480073e-06,0.0,,,,,,,,,,,,,0.0,6.574760284240036e-07,0.0,,,,,,,0.0,6.574760284240036e-07,0.0,,,,,,,,,,,,,,,,,,,,,,,,,,,,,,,0.0,4.602332198968026e-06,0.0,,,,,,,3.0,0.00011703073305947266,1.972428085272011e-06
2020-09-14,,,,10.0,2.0,,,,,1.0,,,1.0,,,11.0,,,,,0.0,,,8.0,,,187.0,,,,,,,,,,-1.0,6.574760284240037e-06,-6.574760284240036e-07,0.0,1.3149520568480073e-06,0.0,,,,,,,,,,,,,0.0,6.574760284240036e-07,0.0,,,,,,,0.0,6.574760284240036e-07,0.0,,,,,,,-1.0,7.2322363126640395e-06,-6.574760284240036e-07,,,,,,,,,,,,,0.0,0.0,0.0,,,,,,,1.0,5.259808227392029e-06,6.574760284240036e-07,,,,,,,9.0,0.0001229480173152887,5.9172842558160335e-06
2020-09-15,,,,,3.0,,,,,1.0,,,2.0,,,11.0,,,,,1.0,,,7.0,,,198.0,,,,,,,,,,,,,1.0,1.972428085272011e-06,6.574760284240036e-07,,,,,,,,,,,,,0.0,6.574760284240036e-07,0.0,,,,,,,1.0,1.3149520568480073e-06,6.574760284240036e-07,,,,,,,0.0,7.2322363126640395e-06,0.0,,,,,,,,,,,,,1.0,6.574760284240036e-07,6.574760284240036e-07,,,,,,,-1.0,4.602332198968026e-06,-6.574760284240036e-07,,,,,,,11.0,0.00013018025362795274,7.23223631266404e-06
2020-09-16,,,,15.0,3.0,,,,,1.0,,,4.0,,,11.0,,,,,1.0,,,7.0,,,200.0,,,,,,,,,,5.0,9.862140426360056e-06,3.2873801421200185e-06,0.0,1.972428085272011e-06,0.0,,,,,,,,,,,,,0.0,6.574760284240036e-07,0.0,,,,,,,2.0,2.6299041136960146e-06,1.3149520568480073e-06,,,,,,,0.0,7.2322363126640395e-06,0.0,,,,,,,,,,,,,0.0,6.574760284240036e-07,0.0,,,,,,,0.0,4.602332198968026e-06,0.0,,,,,,,2.0,0.00013149520568480073,1.3149520568480075e-06
2020-09-17,,,,,3.0,,,,,3.0,,,5.0,,,12.0,,,,,1.0,,,5.0,,,205.0,,,,,,,,,,,,,0.0,1.972428085272011e-06,0.0,,,,,,,,,,,,,2.0,1.972428085272011e-06,1.3149520568480073e-06,,,,,,,1.0,3.287380142120018e-06,6.574760284240036e-07,,,,,,,1.0,7.889712341088045e-06,6.574760284240036e-07,,,,,,,,,,,,,0.0,6.574760284240036e-07,0.0,,,,,,,-2.0,3.2873801421200185e-06,-1.3149520568480073e-06,,,,,,,5.0,0.00013478258582692076,3.287380142120018e-06
2020-09-18,,,,14.0,3.0,,,,,3.0,,,3.0,,,,,,,,1.0,,,5.0,,,194.0,,,,,,,,,,-1.0,9.204664397936052e-06,-6.574760284240036e-07,0.0,1.972428085272011e-06,0.0,,,,,,,,,,,,,0.0,1.972428085272011e-06,0.0,,,,,,,-2.0,1.972428085272011e-06,-1.3149520568480073e-06,,,,,,,,,,,,,,,,,,,,,,0.0,6.574760284240036e-07,0.0,,,,,,,0.0,3.2873801421200185e-06,0.0,,,,,,,-11.0,0.0001275503495142567,-7.2322363126640395e-06
2020-09-19,,,,,1.0,,,,,6.0,,,5.0,,,,,,,,,,,6.0,,,190.0,,,,,,,,,,,,,-2.0,6.574760284240036e-07,-1.3149520568480073e-06,,,,,,,,,,,,,3.0,3.9448561705440215e-06,1.972428085272011e-06,,,,,,,2.0,3.287380142120018e-06,1.3149520568480073e-06,,,,,,,,,,,,,,,,,,,,,,,,,,,,,,,1.0,3.944856170544022e-06,6.574760284240036e-07,,,,,,,-4.0,0.0001249204454005607,-2.6299041136960146e-06
2020-09-20,,,,,2.0,,,,,6.0,,,5.0,,,16.0,,,,,,,,7.0,,,203.0,,,,,,,,,,,,,1.0,1.3149520568480073e-06,6.574760284240036e-07,,,,,,,,,,,,,0.0,3.9448561705440215e-06,0.0,,,,,,,0.0,3.287380142120018e-06,0.0,,,,,,,4.0,1.0519616454784058e-05,2.6299041136960146e-06,,,,,,,,,,,,,,,,,,,,,,1.0,4.602332198968026e-06,6.574760284240036e-07,,,,,,,13.0,0.00013346763377007273,8.547188369512049e-06
2020-09-21,,,,24.0,2.0,,,,,3.0,,,5.0,,,19.0,,,,,2.0,,,7.0,,,211.0,,,,,,,,,,10.0,1.577942468217609e-05,6.574760284240037e-06,0.0,1.3149520568480073e-06,0.0,,,,,,,,,,,,,-3.0,1.972428085272011e-06,-1.972428085272011e-06,,,,,,,0.0,3.287380142120018e-06,0.0,,,,,,,3.0,1.249204454005607e-05,1.972428085272011e-06,,,,,,,,,,,,,1.0,1.3149520568480073e-06,6.574760284240036e-07,,,,,,,0.0,4.602332198968026e-06,0.0,,,,,,,8.0,0.00013872744199746475,5.259808227392029e-06
2020-09-22,,,,,3.0,,,,,3.0,,,5.0,,,17.0,,,,,2.0,,,7.0,,,213.0,,,,,,,,,,,,,1.0,1.972428085272011e-06,6.574760284240036e-07,,,,,,,,,,,,,0.0,1.972428085272011e-06,0.0,,,,,,,0.0,3.287380142120018e-06,0.0,,,,,,,-2.0,1.1177092483208061e-05,-1.3149520568480073e-06,,,,,,,,,,,,,0.0,1.3149520568480073e-06,0.0,,,,,,,0.0,4.602332198968026e-06,0.0,,,,,,,2.0,0.00014004239405431278,1.3149520568480075e-06
2020-09-23,,,,25.0,1.0,,,,,3.0,,,5.0,,,15.0,,,,,2.0,,,7.0,,,205.0,,,,,,,,,,1.0,1.6436900710600092e-05,6.574760284240036e-07,-2.0,6.574760284240036e-07,-1.3149520568480073e-06,,,,,,,,,,,,,0.0,1.972428085272011e-06,0.0,,,,,,,0.0,3.287380142120018e-06,0.0,,,,,,,-2.0,9.862140426360056e-06,-1.3149520568480073e-06,,,,,,,,,,,,,0.0,1.3149520568480073e-06,0.0,,,,,,,0.0,4.602332198968026e-06,0.0,,,,,,,-8.0,0.00013478258582692076,-5.259808227392029e-06
2020-09-24,,,,,1.0,,,,,3.0,,,5.0,,,12.0,,,,,2.0,,,8.0,,,208.0,,,,,,,,,,,,,0.0,6.574760284240036e-07,0.0,,,,,,,,,,,,,0.0,1.972428085272011e-06,0.0,,,,,,,0.0,3.287380142120018e-06,0.0,,,,,,,-3.0,7.889712341088045e-06,-1.972428085272011e-06,,,,,,,,,,,,,0.0,1.3149520568480073e-06,0.0,,,,,,,1.0,5.259808227392029e-06,6.574760284240036e-07,,,,,,,3.0,0.00013675501391219276,1.972428085272011e-06
2020-09-25,,,,25.0,1.0,,,,,3.0,,,2.0,,,,,,,,3.0,,,9.0,,,217.0,,,,,,,,,,0.0,1.6436900710600092e-05,0.0,0.0,6.574760284240036e-07,0.0,,,,,,,,,,,,,0.0,1.972428085272011e-06,0.0,,,,,,,-3.0,1.3149520568480073e-06,-1.972428085272011e-06,,,,,,,,,,,,,,,,,,,,,,1.0,1.972428085272011e-06,6.574760284240036e-07,,,,,,,1.0,5.917284255816033e-06,6.574760284240036e-07,,,,,,,9.0,0.00014267229816800878,5.917284255816033e-06
2020-09-26,,,,,1.0,,,,,3.0,,,1.0,,,,,,,,,,,10.0,,,223.0,,,,,,,,,,,,,0.0,6.574760284240036e-07,0.0,,,,,,,,,,,,,0.0,1.972428085272011e-06,0.0,,,,,,,-1.0,6.574760284240036e-07,-6.574760284240036e-07,,,,,,,,,,,,,,,,,,,,,,,,,,,,,,,1.0,6.574760284240036e-06,6.574760284240036e-07,,,,,,,6.0,0.0001466171543385528,3.944856170544022e-06
2020-09-27,,,,,0.0,,,,,3.0,,,0.0,,,11.0,,,,,,,,10.0,,,222.0,,,,,,,,,,,,,-1.0,0.0,-6.574760284240036e-07,,,,,,,,,,,,,0.0,1.972428085272011e-06,0.0,,,,,,,-1.0,0.0,-6.574760284240036e-07,,,,,,,-1.0,7.23223631266404e-06,-6.574760284240036e-07,,,,,,,,,,,,,,,,,,,,,,0.0,6.574760284240036e-06,0.0,,,,,,,-1.0,0.0001459596783101288,-6.574760284240036e-07
2020-09-28,,,,28.0,0.0,,,,,3.0,,,2.0,,,10.0,,,,,2.0,,,11.0,,,239.0,,,,,,,,,,3.0,1.8409328795872103e-05,1.972428085272011e-06,0.0,0.0,0.0,,,,,,,,,,,,,0.0,1.972428085272011e-06,0.0,,,,,,,2.0,1.3149520568480073e-06,1.3149520568480073e-06,,,,,,,-1.0,6.574760284240036e-06,-6.574760284240036e-07,,,,,,,,,,,,,-1.0,1.3149520568480073e-06,-6.574760284240036e-07,,,,,,,1.0,7.2322363126640395e-06,6.574760284240036e-07,,,,,,,17.0,0.00015713677079333687,1.1177092483208061e-05
2020-09-29,,,,,0.0,,,,,3.0,,,1.0,,,10.0,,,,,3.0,,,13.0,,,231.0,,,,,,,,,,,,,0.0,0.0,0.0,,,,,,,,,,,,,0.0,1.972428085272011e-06,0.0,,,,,,,-1.0,6.574760284240036e-07,-6.574760284240036e-07,,,,,,,0.0,6.574760284240036e-06,0.0,,,,,,,,,,,,,1.0,1.972428085272011e-06,6.574760284240036e-07,,,,,,,2.0,8.547188369512049e-06,1.3149520568480073e-06,,,,,,,-8.0,0.00015187696256594485,-5.259808227392029e-06
2020-09-30,,,,27.0,0.0,,,,,2.0,,,2.0,,,11.0,,,,,2.0,,,14.0,,,222.0,,,,,,,,,,-1.0,1.7751852767448097e-05,-6.574760284240036e-07,0.0,0.0,0.0,,,,,,,,,,,,,-1.0,1.3149520568480073e-06,-6.574760284240036e-07,,,,,,,1.0,1.3149520568480073e-06,6.574760284240036e-07,,,,,,,1.0,7.23223631266404e-06,6.574760284240036e-07,,,,,,,,,,,,,-1.0,1.3149520568480073e-06,-6.574760284240036e-07,,,,,,,1.0,9.204664397936053e-06,6.574760284240036e-07,,,,,,,-9.0,0.0001459596783101288,-5.917284255816033e-06
2020-10-01,,,,,0.0,,,,,3.0,,,2.0,,,12.0,,,,,2.0,,,16.0,,,239.0,,,,,,,,,,,,,0.0,0.0,0.0,,,,,,,,,,,,,1.0,1.972428085272011e-06,6.574760284240036e-07,,,,,,,0.0,1.3149520568480073e-06,0.0,,,,,,,1.0,7.889712341088043e-06,6.574760284240036e-07,,,,,,,,,,,,,0.0,1.3149520568480073e-06,0.0,,,,,,,2.0,1.051961645478406e-05,1.3149520568480073e-06,,,,,,,17.0,0.00015713677079333687,1.1177092483208063e-05
2020-10-02,,,,30.0,0.0,,,,,2.0,,,2.0,,,,,,,,1.0,,,17.0,,,238.0,,,,,,,,,,3.0,1.9724280852720108e-05,1.972428085272011e-06,0.0,0.0,0.0,,,,,,,,,,,,,-1.0,1.3149520568480073e-06,-6.574760284240036e-07,,,,,,,0.0,1.3149520568480073e-06,0.0,,,,,,,,,,,,,,,,,,,,,,-1.0,6.574760284240036e-07,-6.574760284240036e-07,,,,,,,1.0,1.1177092483208063e-05,6.574760284240036e-07,,,,,,,-1.0,0.00015647929476491287,-6.574760284240036e-07
2020-10-03,,,,,0.0,,,,,2.0,,,1.0,,,,,,,,,,,18.0,,,241.0,,,,,,,,,,,,,0.0,0.0,0.0,,,,,,,,,,,,,0.0,1.3149520568480073e-06,0.0,,,,,,,-1.0,6.574760284240036e-07,-6.574760284240036e-07,,,,,,,,,,,,,,,,,,,,,,,,,,,,,,,1.0,1.1834568511632067e-05,6.574760284240036e-07,,,,,,,3.0,0.00015845172285018486,1.972428085272011e-06
2020-10-04,,,,,0.0,,,,,2.0,,,1.0,,,11.0,,,,,,,,21.0,,,246.0,,,,,,,,,,,,,0.0,0.0,0.0,,,,,,,,,,,,,0.0,1.3149520568480073e-06,0.0,,,,,,,0.0,6.574760284240036e-07,0.0,,,,,,,-1.0,7.23223631266404e-06,-6.574760284240036e-07,,,,,,,,,,,,,,,,,,,,,,3.0,1.3806996596904078e-05,1.972428085272011e-06,,,,,,,5.0,0.0001617391029923049,3.287380142120019e-06
2020-10-05,,,,39.0,0.0,,,,,2.0,,,1.0,,,14.0,,,,,4.0,,,22.0,,,267.0,,,,,,,,,,9.0,2.5641565108536142e-05,5.9172842558160335e-06,0.0,0.0,0.0,,,,,,,,,,,,,0.0,1.3149520568480073e-06,0.0,,,,,,,0.0,6.574760284240036e-07,0.0,,,,,,,3.0,9.204664397936052e-06,1.972428085272011e-06,,,,,,,,,,,,,3.0,2.6299041136960146e-06,1.972428085272011e-06,,,,,,,1.0,1.446447262532808e-05,6.574760284240036e-07,,,,,,,21.0,0.00017554609958920898,1.3806996596904076e-05
2020-10-06,,,,,0.0,,,,,2.0,,,6.0,,,19.0,,,,,5.0,,,24.0,,,283.0,,,,,,,,,,,,,0.0,0.0,0.0,,,,,,,,,,,,,0.0,1.3149520568480073e-06,0.0,,,,,,,5.0,3.944856170544022e-06,3.2873801421200185e-06,,,,,,,5.0,1.249204454005607e-05,3.2873801421200185e-06,,,,,,,,,,,,,1.0,3.2873801421200185e-06,6.574760284240036e-07,,,,,,,2.0,1.577942468217609e-05,1.3149520568480073e-06,,,,,,,16.0,0.00018606571604399302,1.0519616454784058e-05
2020-10-07,,,,36.0,0.0,,,,,2.0,,,8.0,,,16.0,,,,,4.0,,,25.0,,,298.0,,,,,,,,,,-3.0,2.3669137023264134e-05,-1.972428085272011e-06,0.0,0.0,0.0,,,,,,,,,,,,,0.0,1.3149520568480073e-06,0.0,,,,,,,2.0,5.259808227392029e-06,1.3149520568480073e-06,,,,,,,-3.0,1.0519616454784058e-05,-1.972428085272011e-06,,,,,,,,,,,,,-1.0,2.6299041136960146e-06,-6.574760284240036e-07,,,,,,,1.0,1.6436900710600092e-05,6.574760284240036e-07,,,,,,,15.0,0.0001959278564703531,9.862140426360056e-06
2020-10-08,,,,,0.0,,,,,1.0,,,10.0,,,16.0,,,,,6.0,,,26.0,,,314.0,,,,,,,,,,,,,0.0,0.0,0.0,,,,,,,,,,,,,-1.0,6.574760284240036e-07,-6.574760284240036e-07,,,,,,,2.0,6.574760284240037e-06,1.3149520568480073e-06,,,,,,,0.0,1.0519616454784058e-05,0.0,,,,,,,,,,,,,2.0,3.944856170544022e-06,1.3149520568480073e-06,,,,,,,1.0,1.7094376739024098e-05,6.574760284240036e-07,,,,,,,16.0,0.00020644747292513716,1.051961645478406e-05
2020-10-09,,,,49.0,5.0,,,,,1.0,,,15.0,,,,,,,,9.0,,,29.0,,,366.0,,,,,,,,,,13.0,3.221632539277618e-05,8.547188369512049e-06,5.0,3.287380142120018e-06,3.287380142120018e-06,,,,,,,,,,,,,0.0,6.574760284240036e-07,0.0,,,,,,,5.0,9.862140426360056e-06,3.287380142120018e-06,,,,,,,,,,,,,,,,,,,,,,3.0,5.917284255816033e-06,1.972428085272011e-06,,,,,,,3.0,1.906680482429611e-05,1.972428085272011e-06,,,,,,,52.0,0.00024063622640318533,3.418875347804819e-05
2020-10-10,,,,,3.0,,,,,2.0,,,10.0,,,,,,,,,,,32.0,,,382.0,,,,,,,,,,,,,-2.0,1.972428085272011e-06,-1.3149520568480073e-06,,,,,,,,,,,,,1.0,1.3149520568480073e-06,6.574760284240036e-07,,,,,,,-5.0,6.574760284240037e-06,-3.287380142120018e-06,,,,,,,,,,,,,,,,,,,,,,,,,,,,,,,3.0,2.103923290956812e-05,1.972428085272011e-06,,,,,,,16.0,0.0002511558428579694,1.0519616454784057e-05
2020-10-11,,,,,3.0,,,,,4.0,,,11.0,,,15.0,,,,,,,,36.0,,,398.0,,,,,,,,,,,,,0.0,1.972428085272011e-06,0.0,,,,,,,,,,,,,2.0,2.6299041136960146e-06,1.3149520568480073e-06,,,,,,,1.0,7.23223631266404e-06,6.574760284240036e-07,,,,,,,-1.0,9.862140426360054e-06,-6.574760284240036e-07,,,,,,,,,,,,,,,,,,,,,,4.0,2.3669137023264134e-05,2.6299041136960146e-06,,,,,,,16.0,0.00026167545931275347,1.0519616454784058e-05
2020-10-12,,,,56.0,3.0,,,,,4.0,,,13.0,,,25.0,,,,,14.0,,,41.0,,,457.0,,,,,,,,,,7.0,3.6818657591744206e-05,4.602332198968026e-06,0.0,1.972428085272011e-06,0.0,,,,,,,,,,,,,0.0,2.6299041136960146e-06,0.0,,,,,,,2.0,8.547188369512047e-06,1.3149520568480073e-06,,,,,,,10.0,1.6436900710600092e-05,6.574760284240037e-06,,,,,,,,,,,,,5.0,9.204664397936053e-06,3.2873801421200185e-06,,,,,,,5.0,2.695651716538415e-05,3.287380142120018e-06,,,,,,,59.0,0.00030046654498976967,3.879108567701622e-05
2020-10-13,,,,,4.0,,,,,4.0,,,15.0,,,30.0,,,,,13.0,,,46.0,,,487.0,,,,,,,,,,,,,1.0,2.6299041136960146e-06,6.574760284240036e-07,,,,,,,,,,,,,0.0,2.6299041136960146e-06,0.0,,,,,,,2.0,9.862140426360054e-06,1.3149520568480073e-06,,,,,,,5.0,1.972428085272011e-05,3.287380142120018e-06,,,,,,,,,,,,,-1.0,8.547188369512049e-06,-6.574760284240036e-07,,,,,,,5.0,3.024389730750417e-05,3.2873801421200185e-06,,,,,,,30.0,0.00032019082584248975,1.9724280852720108e-05
2020-10-14,,,,78.0,3.0,,,,,8.0,,,15.0,,,32.0,,,,,12.0,,,53.0,,,569.0,,,,,,,,,,22.0,5.1283130217072283e-05,1.446447262532808e-05,-1.0,1.972428085272011e-06,-6.574760284240036e-07,,,,,,,,,,,,,4.0,5.259808227392029e-06,2.6299041136960146e-06,,,,,,,0.0,9.862140426360054e-06,0.0,,,,,,,2.0,2.1039232909568117e-05,1.3149520568480073e-06,,,,,,,,,,,,,-1.0,7.889712341088045e-06,-6.574760284240036e-07,,,,,,,7.0,3.4846229506472195e-05,4.602332198968026e-06,,,,,,,82.0,0.00037410386017325807,5.39130343307683e-05
2020-10-15,,,,,4.0,,,,,9.0,,,18.0,,,44.0,,,,,16.0,,,58.0,,,636.0,,,,,,,,,,,,,1.0,2.6299041136960146e-06,6.574760284240036e-07,,,,,,,,,,,,,1.0,5.917284255816033e-06,6.574760284240036e-07,,,,,,,3.0,1.1834568511632067e-05,1.972428085272011e-06,,,,,,,12.0,2.8928945250656158e-05,7.889712341088045e-06,,,,,,,,,,,,,4.0,1.051961645478406e-05,2.6299041136960146e-06,,,,,,,5.0,3.813360964859221e-05,3.287380142120018e-06,,,,,,,67.0,0.00041815475407766637,4.405089390440825e-05
2020-10-16,,,,80.0,4.0,,,,,11.0,,,20.0,,,,,,,,21.0,,,71.0,,,720.0,,,,,,,,,,2.0,5.259808227392029e-05,1.3149520568480073e-06,0.0,2.6299041136960146e-06,0.0,,,,,,,,,,,,,2.0,7.23223631266404e-06,1.3149520568480073e-06,,,,,,,2.0,1.3149520568480074e-05,1.3149520568480073e-06,,,,,,,,,,,,,,,,,,,,,,5.0,1.3806996596904076e-05,3.287380142120018e-06,,,,,,,13.0,4.6680798018104255e-05,8.547188369512049e-06,,,,,,,84.0,0.00047338274046528257,5.522798638761631e-05
2020-10-17,,,,,8.0,,,,,9.0,,,22.0,,,,,,,,21.0,,,78.0,,,763.0,,,,,,,,,,,,,4.0,5.259808227392029e-06,2.6299041136960146e-06,,,,,,,,,,,,,-2.0,5.917284255816033e-06,-1.3149520568480073e-06,,,,,,,2.0,1.446447262532808e-05,1.3149520568480073e-06,,,,,,,,,,,,,,,,,,,,,,0.0,1.3806996596904078e-05,0.0,,,,,,,7.0,5.128313021707229e-05,4.602332198968026e-06,,,,,,,43.0,0.0005016542096875148,2.827146922223216e-05
2020-10-18,,,,,8.0,,,,,10.0,,,27.0,,,53.0,,,,,28.0,,,84.0,,,841.0,,,,,,,,,,,,,0.0,5.259808227392029e-06,0.0,,,,,,,,,,,,,1.0,6.574760284240037e-06,6.574760284240036e-07,,,,,,,5.0,1.77518527674481e-05,3.287380142120018e-06,,,,,,,9.0,3.4846229506472195e-05,5.917284255816033e-06,,,,,,,,,,,,,7.0,1.84093287958721e-05,4.602332198968026e-06,,,,,,,6.0,5.5227986387616306e-05,3.944856170544022e-06,,,,,,,78.0,0.0005529373399045871,5.1283130217072283e-05
2020-10-19,,,,99.0,11.0,,,,,11.0,,,31.0,,,70.0,,,,,32.0,,,86.0,,,995.0,,,,,,,,,,19.0,6.509012681397637e-05,1.249204454005607e-05,3.0,7.23223631266404e-06,1.972428085272011e-06,,,,,,,,,,,,,1.0,7.2322363126640395e-06,6.574760284240036e-07,,,,,,,4.0,2.0381756881144114e-05,2.6299041136960146e-06,,,,,,,17.0,4.602332198968026e-05,1.1177092483208061e-05,,,,,,,,,,,,,4.0,2.1039232909568113e-05,2.6299041136960146e-06,,,,,,,2.0,5.654293844446431e-05,1.3149520568480075e-06,,,,,,,154.0,0.0006541886482818837,0.00010125130837729655
2020-10-20,,,,,16.0,,,,,10.0,,,41.0,,,74.0,,,,,34.0,,,92.0,,,1105.0,,,,,,,,,,,,,5.0,1.0519616454784058e-05,3.2873801421200185e-06,,,,,,,,,,,,,-1.0,6.574760284240036e-06,-6.574760284240036e-07,,,,,,,10.0,2.695651716538415e-05,6.574760284240037e-06,,,,,,,4.0,4.865322610337627e-05,2.6299041136960146e-06,,,,,,,,,,,,,2.0,2.2354184966416125e-05,1.3149520568480073e-06,,,,,,,6.0,6.048779461500834e-05,3.944856170544022e-06,,,,,,,110.0,0.000726511011408524,7.23223631266404e-05
2020-10-21,,,,141.0,22.0,,,,,11.0,,,44.0,,,86.0,,,,,40.0,,,103.0,,,1229.0,,,,,,,,,,42.0,9.270412000778451e-05,2.7613993193808153e-05,6.0,1.446447262532808e-05,3.944856170544022e-06,,,,,,,,,,,,,1.0,7.2322363126640395e-06,6.574760284240036e-07,,,,,,,3.0,2.892894525065616e-05,1.972428085272011e-06,,,,,,,12.0,5.654293844446432e-05,7.889712341088045e-06,,,,,,,,,,,,,6.0,2.6299041136960148e-05,3.9448561705440215e-06,,,,,,,11.0,6.772003092767238e-05,7.23223631266404e-06,,,,,,,124.0,0.0008080380389331004,8.152702752457646e-05
2020-10-22,,,,,25.0,,,,,19.0,,,60.0,,,107.0,,,,,50.0,,,123.0,,,1385.0,,,,,,,,,,,,,3.0,1.6436900710600092e-05,1.972428085272011e-06,,,,,,,,,,,,,8.0,1.249204454005607e-05,5.259808227392029e-06,,,,,,,16.0,3.944856170544022e-05,1.051961645478406e-05,,,,,,,21.0,7.034993504136839e-05,1.3806996596904076e-05,,,,,,,,,,,,,10.0,3.2873801421200184e-05,6.574760284240036e-06,,,,,,,20.0,8.086955149615246e-05,1.3149520568480072e-05,,,,,,,156.0,0.0009106042993672452,0.00010256626043414458
2020-10-23,,,,177.0,27.0,,,,,20.0,,,68.0,,,,,,,,69.0,,,135.0,,,1548.0,,,,,,,,,,36.0,0.00011637325703104864,2.3669137023264134e-05,2.0,1.7751852767448097e-05,1.3149520568480073e-06,,,,,,,,,,,,,1.0,1.3149520568480074e-05,6.574760284240036e-07,,,,,,,8.0,4.470836993283226e-05,5.259808227392029e-06,,,,,,,,,,,,,,,,,,,,,,19.0,4.536584596125626e-05,1.249204454005607e-05,,,,,,,12.0,8.875926383724049e-05,7.889712341088045e-06,,,,,,,163.0,0.0010177728920003578,0.00010716859263311259
2020-10-24,,,,,31.0,,,,,20.0,,,72.0,,,,,,,,70.0,,,155.0,,,1671.0,,,,,,,,,,,,,4.0,2.0381756881144114e-05,2.6299041136960146e-06,,,,,,,,,,,,,0.0,1.3149520568480072e-05,0.0,,,,,,,4.0,4.733827404652826e-05,2.6299041136960146e-06,,,,,,,,,,,,,,,,,,,,,,1.0,4.6023321989680256e-05,6.574760284240036e-07,,,,,,,20.0,0.00010190878440572057,1.3149520568480074e-05,,,,,,,123.0,0.00109864244349651,8.086955149615244e-05
2020-10-25,,,,,31.0,,,,,25.0,,,80.0,,,128.0,,,,,72.0,,,158.0,,,1818.0,,,,,,,,,,,,,0.0,2.0381756881144114e-05,0.0,,,,,,,,,,,,,5.0,1.6436900710600092e-05,3.2873801421200185e-06,,,,,,,8.0,5.2598082273920295e-05,5.259808227392029e-06,,,,,,,21.0,8.415693163827247e-05,1.3806996596904078e-05,,,,,,,,,,,,,2.0,4.733827404652827e-05,1.3149520568480075e-06,,,,,,,3.0,0.00010388121249099258,1.972428085272011e-06,,,,,,,147.0,0.0011952914196748385,9.664897617832853e-05
2020-10-26,,,,250.0,35.0,,,,,37.0,,,82.0,,,137.0,,,,,89.0,,,181.0,,,2116.0,,,,,,,,,,73.0,0.0001643690071060009,4.799575007495227e-05,4.0,2.3011660994840128e-05,2.6299041136960146e-06,,,,,,,,,,,,,12.0,2.432661305168814e-05,7.889712341088045e-06,,,,,,,2.0,5.39130343307683e-05,1.3149520568480075e-06,,,,,,,9.0,9.007421589408851e-05,5.9172842558160335e-06,,,,,,,,,,,,,17.0,5.851536652973633e-05,1.1177092483208061e-05,,,,,,,23.0,0.00011900316114474467,1.5121948653752085e-05,,,,,,,298.0,0.0013912192761451915,0.0001959278564703531
2020-10-27,,,,,40.0,,,,,44.0,,,,,,,,,,,99.0,,,190.0,,,2245.0,,,,,,,,,,,,,5.0,2.6299041136960148e-05,3.287380142120018e-06,,,,,,,,,,,,,7.0,2.892894525065616e-05,4.602332198968026e-06,,,,,,,,,,,,,,,,,,,,,,,,,,,,,,,10.0,6.509012681397637e-05,6.574760284240037e-06,,,,,,,9.0,0.00012492044540056072,5.917284255816033e-06,,,,,,,129.0,0.0014760336838118883,8.481440766669647e-05
2020-10-28,,,,,,,,,,,,,,,,,,,,,,,,,,,2071.0,,,,,,,,,,,,,,,,,,,,,,,,,,,,,,,,,,,,,,,,,,,,,,,,,,,,,,,,,,,,,,,,,,,,,,,,,,,,,,,-174.0,0.0013616328548661117,-0.00011440082894577663
