index,country,date,retail_and_recreation,grocery_and_pharmacy,parks,transit_stations,workplaces,residential
0,Austria,2020-02-15,9.0,1.0,42.0,13.0,0.0,-2.0
1,Austria,2020-02-16,15.0,21.0,42.0,12.0,1.0,-2.0
2,Austria,2020-02-17,9.0,5.0,35.0,3.0,-4.0,0.0
3,Austria,2020-02-18,8.0,5.0,40.0,2.0,-4.0,0.0
4,Austria,2020-02-19,4.0,2.0,10.0,-1.0,-5.0,1.0
5,Austria,2020-02-20,4.0,1.0,13.0,2.0,-5.0,0.0
6,Austria,2020-02-21,1.0,4.0,7.0,-2.0,-5.0,1.0
7,Austria,2020-02-22,9.0,3.0,52.0,14.0,2.0,-2.0
8,Austria,2020-02-23,4.0,23.0,4.0,5.0,2.0,0.0
9,Austria,2020-02-24,9.0,10.0,25.0,3.0,2.0,-1.0
10,Austria,2020-02-25,13.0,10.0,60.0,7.0,0.0,0.0
11,Austria,2020-02-26,-3.0,10.0,8.0,-2.0,0.0,1.0
12,Austria,2020-02-27,1.0,7.0,9.0,0.0,1.0,1.0
13,Austria,2020-02-28,-1.0,9.0,-1.0,-2.0,1.0,1.0
14,Austria,2020-02-29,2.0,3.0,9.0,0.0,1.0,0.0
15,Austria,2020-03-01,0.0,8.0,6.0,1.0,2.0,0.0
16,Austria,2020-03-02,2.0,6.0,16.0,1.0,3.0,-1.0
17,Austria,2020-03-03,-1.0,4.0,-1.0,-3.0,2.0,1.0
18,Austria,2020-03-04,2.0,5.0,12.0,0.0,2.0,0.0
19,Austria,2020-03-05,1.0,3.0,4.0,0.0,1.0,0.0
20,Austria,2020-03-06,-1.0,3.0,-7.0,-2.0,1.0,0.0
21,Austria,2020-03-07,4.0,0.0,-2.0,-3.0,0.0,0.0
22,Austria,2020-03-08,14.0,14.0,42.0,5.0,1.0,-2.0
23,Austria,2020-03-09,-1.0,4.0,2.0,-3.0,1.0,0.0
24,Austria,2020-03-10,-3.0,10.0,9.0,-3.0,1.0,0.0
25,Austria,2020-03-11,-6.0,17.0,12.0,-8.0,-1.0,1.0
26,Austria,2020-03-12,-10.0,24.0,18.0,-9.0,-3.0,2.0
27,Austria,2020-03-13,-20.0,46.0,-20.0,-20.0,-6.0,5.0
28,Austria,2020-03-14,-35.0,-7.0,-17.0,-34.0,-9.0,8.0
29,Austria,2020-03-15,-59.0,-32.0,-13.0,-43.0,-18.0,8.0
30,Austria,2020-03-16,-71.0,-14.0,-37.0,-56.0,-43.0,19.0
31,Austria,2020-03-17,-79.0,-32.0,-43.0,-66.0,-55.0,24.0
32,Austria,2020-03-18,-79.0,-30.0,-24.0,-65.0,-58.0,24.0
33,Austria,2020-03-19,-80.0,-29.0,-32.0,-67.0,-60.0,25.0
34,Austria,2020-03-20,-81.0,-28.0,-32.0,-68.0,-59.0,26.0
35,Austria,2020-03-21,-88.0,-39.0,-73.0,-75.0,-54.0,20.0
36,Austria,2020-03-22,-90.0,-69.0,-60.0,-76.0,-54.0,15.0
37,Austria,2020-03-23,-79.0,-31.0,-57.0,-71.0,-60.0,25.0
38,Austria,2020-03-24,-80.0,-32.0,-44.0,-71.0,-61.0,26.0
39,Austria,2020-03-25,-81.0,-34.0,-58.0,-73.0,-62.0,27.0
40,Austria,2020-03-26,-81.0,-31.0,-59.0,-72.0,-62.0,27.0
41,Austria,2020-03-27,-80.0,-26.0,-39.0,-70.0,-60.0,27.0
42,Austria,2020-03-28,-83.0,-31.0,-21.0,-66.0,-49.0,17.0
43,Austria,2020-03-29,-87.0,-64.0,-43.0,-71.0,-51.0,14.0
44,Austria,2020-03-30,-78.0,-31.0,-57.0,-71.0,-59.0,25.0
45,Austria,2020-03-31,-77.0,-24.0,-47.0,-69.0,-59.0,25.0
46,Austria,2020-04-01,-77.0,-30.0,-34.0,-67.0,-59.0,24.0
47,Austria,2020-04-02,-77.0,-29.0,-36.0,-68.0,-59.0,25.0
48,Austria,2020-04-03,-79.0,-25.0,-46.0,-69.0,-59.0,26.0
49,Austria,2020-04-04,-82.0,-30.0,-36.0,-67.0,-48.0,17.0
50,Austria,2020-04-05,-82.0,-55.0,-11.0,-64.0,-46.0,12.0
51,Austria,2020-04-06,-73.0,-26.0,-22.0,-64.0,-58.0,22.0
52,Austria,2020-04-07,-74.0,-24.0,-6.0,-63.0,-58.0,22.0
53,Austria,2020-04-08,-74.0,-21.0,-10.0,-63.0,-58.0,22.0
54,Austria,2020-04-09,-74.0,-15.0,-20.0,-63.0,-59.0,22.0
55,Austria,2020-04-10,-76.0,-16.0,-22.0,-66.0,-63.0,24.0
56,Austria,2020-04-11,-81.0,-27.0,-20.0,-62.0,-45.0,15.0
57,Austria,2020-04-12,-83.0,-54.0,-6.0,-63.0,-45.0,11.0
58,Austria,2020-04-13,-90.0,-94.0,-15.0,-78.0,-88.0,31.0
59,Austria,2020-04-14,-62.0,-16.0,-41.0,-62.0,-53.0,21.0
60,Austria,2020-04-15,-62.0,-20.0,-12.0,-58.0,-52.0,20.0
61,Austria,2020-04-16,-63.0,-18.0,-9.0,-57.0,-52.0,20.0
62,Austria,2020-04-17,-65.0,-16.0,-10.0,-58.0,-52.0,20.0
63,Austria,2020-04-18,-70.0,-21.0,-8.0,-54.0,-36.0,13.0
64,Austria,2020-04-19,-84.0,-53.0,-37.0,-66.0,-43.0,12.0
65,Austria,2020-04-20,-58.0,-24.0,-14.0,-56.0,-48.0,18.0
66,Austria,2020-04-21,-60.0,-21.0,2.0,-54.0,-48.0,18.0
67,Austria,2020-04-22,-61.0,-21.0,7.0,-54.0,-48.0,18.0
68,Austria,2020-04-23,-62.0,-18.0,-3.0,-54.0,-48.0,18.0
69,Austria,2020-04-24,-64.0,-17.0,-10.0,-56.0,-49.0,19.0
70,Austria,2020-04-25,-68.0,-19.0,-7.0,-52.0,-33.0,12.0
71,Austria,2020-04-26,-73.0,-36.0,23.0,-50.0,-34.0,8.0
72,Austria,2020-04-27,-57.0,-22.0,-12.0,-52.0,-45.0,16.0
73,Austria,2020-04-28,-58.0,-18.0,14.0,-50.0,-45.0,15.0
74,Austria,2020-04-29,-61.0,-12.0,-40.0,-55.0,-46.0,18.0
75,Austria,2020-04-30,-49.0,13.0,-10.0,-49.0,-45.0,14.0
76,Austria,2020-05-01,-83.0,-90.0,5.0,-66.0,-82.0,26.0
77,Austria,2020-05-02,-43.0,4.0,-12.0,-44.0,-24.0,8.0
78,Austria,2020-05-03,-72.0,-32.0,-1.0,-49.0,-31.0,7.0
79,Austria,2020-05-04,-32.0,-8.0,-2.0,-43.0,-38.0,12.0
80,Austria,2020-05-05,-39.0,-8.0,-18.0,-46.0,-39.0,14.0
81,Austria,2020-05-06,-38.0,-5.0,1.0,-43.0,-38.0,12.0
82,Austria,2020-05-07,-39.0,-5.0,12.0,-41.0,-38.0,12.0
83,Austria,2020-05-08,-40.0,-2.0,20.0,-41.0,-39.0,12.0
84,Austria,2020-05-09,-43.0,-2.0,18.0,-35.0,-19.0,5.0
85,Austria,2020-05-10,-64.0,-25.0,8.0,-39.0,-18.0,3.0
86,Austria,2020-05-11,-37.0,-16.0,-8.0,-43.0,-36.0,12.0
87,Austria,2020-05-12,-39.0,-9.0,-4.0,-41.0,-35.0,13.0
88,Austria,2020-05-13,-41.0,-10.0,-13.0,-43.0,-35.0,13.0
89,Austria,2020-05-14,-42.0,-9.0,-20.0,-44.0,-36.0,12.0
90,Austria,2020-05-15,-34.0,-11.0,-43.0,-47.0,-36.0,13.0
91,Austria,2020-05-16,-32.0,-13.0,5.0,-35.0,-12.0,5.0
92,Austria,2020-05-17,-40.0,-18.0,47.0,-31.0,-13.0,3.0
93,Austria,2020-05-18,-20.0,-11.0,35.0,-32.0,-27.0,7.0
94,Austria,2020-05-19,-22.0,-7.0,27.0,-33.0,-28.0,8.0
95,Austria,2020-05-20,-14.0,22.0,20.0,-29.0,-28.0,6.0
96,Austria,2020-05-21,-58.0,-87.0,82.0,-52.0,-80.0,20.0
97,Austria,2020-05-22,-20.0,2.0,28.0,-38.0,-44.0,10.0
98,Austria,2020-05-23,-32.0,-12.0,-6.0,-41.0,-13.0,6.0
99,Austria,2020-05-24,-44.0,-20.0,3.0,-37.0,-14.0,4.0
100,Austria,2020-05-25,-22.0,-9.0,-22.0,-37.0,-29.0,9.0
101,Austria,2020-05-26,-25.0,-8.0,-10.0,-36.0,-27.0,9.0
102,Austria,2020-05-27,-21.0,-8.0,38.0,-30.0,-26.0,7.0
103,Austria,2020-05-28,-26.0,-6.0,-27.0,-36.0,-28.0,9.0
104,Austria,2020-05-29,-23.0,-1.0,-6.0,-33.0,-28.0,7.0
105,Austria,2020-05-30,-24.0,-2.0,16.0,-30.0,-5.0,2.0
106,Austria,2020-05-31,-44.0,-21.0,-13.0,-45.0,-14.0,4.0
107,Austria,2020-06-01,-46.0,-86.0,141.0,-45.0,-79.0,16.0
108,Austria,2020-06-02,-13.0,9.0,40.0,-27.0,-29.0,5.0
109,Austria,2020-06-03,-18.0,-3.0,23.0,-26.0,-23.0,5.0
110,Austria,2020-06-04,-19.0,-4.0,10.0,-25.0,-23.0,5.0
111,Austria,2020-06-05,-20.0,-3.0,-13.0,-30.0,-24.0,6.0
112,Austria,2020-06-06,-20.0,-11.0,55.0,-22.0,-1.0,0.0
113,Austria,2020-06-07,-30.0,-11.0,22.0,-31.0,-5.0,2.0
114,Austria,2020-06-08,-14.0,-7.0,-4.0,-28.0,-25.0,5.0
115,Austria,2020-06-09,-14.0,-4.0,8.0,-27.0,-25.0,6.0
116,Austria,2020-06-10,-9.0,18.0,-3.0,-24.0,-26.0,3.0
117,Austria,2020-06-11,-47.0,-85.0,96.0,-47.0,-76.0,17.0
118,Austria,2020-06-12,-11.0,0.0,84.0,-29.0,-42.0,5.0
119,Austria,2020-06-13,-21.0,-13.0,95.0,-20.0,-1.0,-2.0
120,Austria,2020-06-14,-35.0,-19.0,-18.0,-33.0,-2.0,1.0
121,Austria,2020-06-15,-12.0,-7.0,-3.0,-26.0,-24.0,5.0
122,Austria,2020-06-16,-11.0,-5.0,35.0,-22.0,-22.0,4.0
123,Austria,2020-06-17,-12.0,-7.0,35.0,-22.0,-23.0,4.0
124,Austria,2020-06-18,-14.0,-7.0,16.0,-24.0,-24.0,4.0
125,Austria,2020-06-19,-17.0,-8.0,14.0,-25.0,-24.0,4.0
126,Austria,2020-06-20,-20.0,-12.0,-2.0,-30.0,-6.0,2.0
127,Austria,2020-06-21,-35.0,-22.0,-13.0,-34.0,-9.0,2.0
128,Austria,2020-06-22,-10.0,-9.0,50.0,-22.0,-24.0,3.0
129,Austria,2020-06-23,-9.0,-8.0,92.0,-19.0,-23.0,2.0
130,Austria,2020-06-24,-11.0,-8.0,71.0,-20.0,-22.0,2.0
131,Austria,2020-06-25,-12.0,-6.0,26.0,-22.0,-24.0,4.0
132,Austria,2020-06-26,-14.0,-7.0,51.0,-21.0,-23.0,2.0
133,Austria,2020-06-27,-18.0,-13.0,89.0,-14.0,-2.0,-2.0
134,Austria,2020-06-28,-14.0,3.0,79.0,-11.0,2.0,-4.0
135,Austria,2020-06-29,-11.0,-8.0,14.0,-24.0,-23.0,4.0
136,Austria,2020-06-30,-2.0,-3.0,90.0,-16.0,-20.0,2.0
137,Austria,2020-07-01,-8.0,-4.0,57.0,-17.0,-21.0,2.0
138,Austria,2020-07-02,-7.0,-3.0,38.0,-18.0,-21.0,3.0
139,Austria,2020-07-03,-5.0,-1.0,42.0,-16.0,-23.0,2.0
140,Austria,2020-07-04,-12.0,-11.0,102.0,-9.0,-2.0,-3.0
141,Austria,2020-07-05,-6.0,12.0,114.0,-5.0,0.0,-6.0
142,Austria,2020-07-06,-5.0,-3.0,64.0,-19.0,-26.0,3.0
143,Austria,2020-07-07,2.0,1.0,108.0,-16.0,-26.0,2.0
144,Austria,2020-07-08,-2.0,-3.0,107.0,-17.0,-25.0,1.0
145,Austria,2020-07-09,-6.0,-5.0,80.0,-18.0,-26.0,1.0
146,Austria,2020-07-10,-14.0,-8.0,76.0,-19.0,-28.0,1.0
147,Austria,2020-07-11,-17.0,-8.0,-5.0,-25.0,-12.0,2.0
148,Austria,2020-07-12,0.0,14.0,110.0,-5.0,-3.0,-4.0
149,Austria,2020-07-13,0.0,-5.0,110.0,-18.0,-31.0,2.0
150,Austria,2020-07-14,-1.0,-5.0,136.0,-17.0,-31.0,1.0
151,Austria,2020-07-15,-3.0,-2.0,85.0,-21.0,-30.0,3.0
152,Austria,2020-07-16,-6.0,-5.0,32.0,-24.0,-32.0,4.0
153,Austria,2020-07-17,-11.0,-7.0,36.0,-24.0,-32.0,4.0
154,Austria,2020-07-18,-15.0,-12.0,35.0,-19.0,-11.0,1.0
155,Austria,2020-07-19,-5.0,14.0,90.0,-8.0,-6.0,-2.0
156,Austria,2020-07-20,-2.0,-6.0,135.0,-18.0,-33.0,1.0
157,Austria,2020-07-21,-4.0,-6.0,144.0,-19.0,-33.0,2.0
158,Austria,2020-07-22,-1.0,-4.0,114.0,-20.0,-31.0,3.0
159,Austria,2020-07-23,-5.0,-7.0,97.0,-20.0,-31.0,2.0
160,Austria,2020-07-24,-13.0,-8.0,59.0,-24.0,-33.0,4.0
161,Austria,2020-07-25,-12.0,-13.0,114.0,-8.0,-7.0,-2.0
162,Austria,2020-07-26,-5.0,17.0,93.0,-7.0,-5.0,-3.0
163,Austria,2020-07-27,-1.0,-6.0,155.0,-19.0,-35.0,1.0
164,Austria,2020-07-28,-10.0,-9.0,158.0,-21.0,-36.0,2.0
165,Austria,2020-07-29,-1.0,-4.0,125.0,-21.0,-35.0,3.0
166,Austria,2020-07-30,-5.0,-6.0,118.0,-20.0,-36.0,2.0
167,Austria,2020-07-31,-11.0,-7.0,118.0,-19.0,-36.0,1.0
168,Austria,2020-08-01,-16.0,-14.0,135.0,-4.0,-8.0,-5.0
169,Austria,2020-08-02,-8.0,18.0,76.0,-6.0,-7.0,-3.0
170,Austria,2020-08-03,3.0,-2.0,55.0,-25.0,-40.0,6.0
171,Austria,2020-08-04,1.0,-4.0,69.0,-25.0,-40.0,6.0
172,Austria,2020-08-05,3.0,-3.0,108.0,-22.0,-39.0,4.0
173,Austria,2020-08-06,0.0,-7.0,132.0,-18.0,-39.0,2.0
174,Austria,2020-08-07,-10.0,-9.0,128.0,-19.0,-39.0,1.0
175,Austria,2020-08-08,-15.0,-15.0,142.0,-4.0,-8.0,-5.0
176,Austria,2020-08-09,-2.0,22.0,131.0,-1.0,-3.0,-6.0
177,Austria,2020-08-10,-1.0,-5.0,153.0,-19.0,-38.0,1.0
178,Austria,2020-08-11,1.0,-3.0,156.0,-21.0,-38.0,3.0
179,Austria,2020-08-12,-1.0,-4.0,158.0,-20.0,-37.0,2.0
180,Austria,2020-08-13,-7.0,-7.0,89.0,-23.0,-38.0,4.0
181,Austria,2020-08-14,-4.0,15.0,80.0,-20.0,-38.0,3.0
182,Austria,2020-08-15,-40.0,-84.0,111.0,-12.0,-31.0,1.0
183,Austria,2020-08-16,3.0,29.0,115.0,-1.0,-5.0,-4.0
184,Austria,2020-08-17,3.0,3.0,95.0,-20.0,-36.0,3.0
185,Austria,2020-08-18,2.0,-2.0,104.0,-22.0,-34.0,4.0
186,Austria,2020-08-19,1.0,-6.0,138.0,-20.0,-34.0,2.0
187,Austria,2020-08-20,-5.0,-10.0,128.0,-19.0,-35.0,1.0
188,Austria,2020-08-21,-15.0,-12.0,125.0,-20.0,-36.0,1.0
189,Austria,2020-08-22,-20.0,-16.0,78.0,-15.0,-9.0,-2.0
190,Austria,2020-08-23,-3.0,14.0,87.0,-4.0,-4.0,-3.0
191,Austria,2020-08-24,-1.0,-5.0,90.0,-20.0,-33.0,3.0
192,Austria,2020-08-25,-1.0,-8.0,149.0,-18.0,-32.0,2.0
193,Austria,2020-08-26,-5.0,-9.0,132.0,-20.0,-32.0,1.0
194,Austria,2020-08-27,-5.0,-9.0,102.0,-19.0,-32.0,2.0
195,Austria,2020-08-28,-11.0,-10.0,81.0,-21.0,-33.0,2.0
196,Austria,2020-08-29,-14.0,-14.0,45.0,-16.0,-11.0,-1.0
197,Austria,2020-08-30,-18.0,-4.0,23.0,-15.0,-10.0,-1.0
198,Austria,2020-08-31,-2.0,-6.0,49.0,-21.0,-31.0,3.0
199,Austria,2020-09-01,-4.0,-6.0,40.0,-24.0,-32.0,4.0
200,Austria,2020-09-02,-3.0,-8.0,74.0,-20.0,-31.0,2.0
201,Austria,2020-09-03,-3.0,-8.0,77.0,-18.0,-31.0,1.0
202,Austria,2020-09-04,-6.0,-9.0,88.0,-18.0,-31.0,0.0
203,Austria,2020-09-05,-7.0,-16.0,117.0,-7.0,-8.0,-5.0
204,Austria,2020-09-06,-19.0,-3.0,10.0,-20.0,-13.0,0.0
205,Austria,2020-09-07,2.0,-4.0,48.0,-18.0,-30.0,2.0
206,Austria,2020-09-08,2.0,-5.0,112.0,-13.0,-28.0,1.0
207,Austria,2020-09-09,-1.0,-9.0,110.0,-13.0,-27.0,0.0
208,Austria,2020-09-10,-4.0,-7.0,79.0,-15.0,-28.0,0.0
209,Austria,2020-09-11,-6.0,-8.0,85.0,-14.0,-28.0,-2.0
210,Austria,2020-09-12,-6.0,-13.0,112.0,-8.0,-8.0,-5.0
211,Austria,2020-09-13,3.0,7.0,115.0,-2.0,-4.0,-6.0
212,Austria,2020-09-14,-2.0,-5.0,100.0,-12.0,-23.0,-1.0
213,Austria,2020-09-15,-4.0,-5.0,122.0,-10.0,-22.0,-1.0
214,Austria,2020-09-16,-7.0,-6.0,99.0,-12.0,-23.0,-1.0
215,Austria,2020-09-17,-11.0,-8.0,45.0,-15.0,-24.0,1.0
216,Austria,2020-09-18,-12.0,-8.0,68.0,-14.0,-24.0,0.0
217,Austria,2020-09-19,-11.0,-14.0,90.0,-14.0,-10.0,-2.0
218,Austria,2020-09-20,-3.0,-2.0,97.0,-8.0,-6.0,-3.0
219,Austria,2020-09-21,-10.0,-8.0,73.0,-15.0,-23.0,0.0
220,Austria,2020-09-22,-11.0,-8.0,88.0,-14.0,-22.0,1.0
221,Austria,2020-09-23,-17.0,-7.0,34.0,-17.0,-22.0,3.0
222,Austria,2020-09-24,-16.0,-10.0,47.0,-15.0,-22.0,2.0
223,Austria,2020-09-25,-25.0,-10.0,-24.0,-23.0,-23.0,5.0
224,Austria,2020-09-26,-22.0,-12.0,-13.0,-31.0,-13.0,4.0
225,Austria,2020-09-27,-19.0,-15.0,50.0,-17.0,-8.0,0.0
226,Austria,2020-09-28,-20.0,-10.0,-17.0,-21.0,-20.0,4.0
227,Austria,2020-09-29,-18.0,-7.0,11.0,-19.0,-19.0,3.0
228,Austria,2020-09-30,-16.0,-6.0,18.0,-17.0,-20.0,2.0
229,Austria,2020-10-01,-14.0,-5.0,19.0,-16.0,-17.0,1.0
230,Austria,2020-10-02,-20.0,-5.0,9.0,-17.0,-18.0,2.0
231,Austria,2020-10-03,-18.0,-10.0,14.0,-23.0,-10.0,1.0
232,Austria,2020-10-04,-15.0,-12.0,61.0,-12.0,-8.0,-1.0
233,Austria,2020-10-05,-18.0,-8.0,-1.0,-17.0,-18.0,2.0
234,Austria,2020-10-06,-16.0,-7.0,37.0,-14.0,-18.0,2.0
235,Austria,2020-10-07,-19.0,-6.0,0.0,-18.0,-18.0,3.0
236,Austria,2020-10-08,-19.0,-8.0,16.0,-17.0,-17.0,2.0
237,Austria,2020-10-09,-20.0,-9.0,31.0,-16.0,-17.0,1.0
238,Austria,2020-10-10,-20.0,-12.0,15.0,-26.0,-9.0,2.0
239,Austria,2020-10-11,-41.0,-30.0,-31.0,-32.0,-15.0,4.0
240,Austria,2020-10-12,-20.0,-8.0,-11.0,-20.0,-17.0,3.0
241,Austria,2020-10-13,-23.0,-10.0,-12.0,-22.0,-18.0,4.0
242,Austria,2020-10-14,-21.0,-9.0,-6.0,-20.0,-17.0,4.0
243,Austria,2020-10-15,-22.0,-7.0,-17.0,-20.0,-17.0,4.0
244,Austria,2020-10-16,-24.0,-10.0,-31.0,-24.0,-17.0,5.0
245,Austria,2020-10-17,-22.0,-14.0,-14.0,-31.0,-12.0,4.0
246,Austria,2020-10-18,-31.0,-23.0,18.0,-25.0,-13.0,2.0
247,Austria,2020-10-19,-21.0,-13.0,3.0,-20.0,-16.0,3.0
248,Austria,2020-10-20,-21.0,-11.0,19.0,-20.0,-17.0,3.0
249,Austria,2020-10-21,-22.0,-12.0,16.0,-19.0,-16.0,4.0
250,Austria,2020-10-22,-23.0,-9.0,9.0,-18.0,-17.0,4.0
251,Austria,2020-10-23,-24.0,-6.0,-1.0,-21.0,-18.0,4.0
252,Austria,2020-10-24,-26.0,-8.0,-10.0,-31.0,-12.0,4.0
253,Austria,2020-10-25,-25.0,-14.0,49.0,-25.0,-17.0,1.0
254,Austria,2020-10-26,-56.0,-87.0,58.0,-52.0,-80.0,19.0
255,Austria,2020-10-27,-18.0,4.0,-11.0,-27.0,-31.0,6.0
256,Austria,2020-10-28,-19.0,-8.0,25.0,-26.0,-30.0,6.0
257,Austria,2020-10-29,-24.0,-10.0,-24.0,-33.0,-31.0,8.0
258,Austria,2020-10-30,-23.0,-5.0,-24.0,-34.0,-31.0,8.0
259,Austria,2020-10-31,-24.0,-10.0,11.0,-28.0,-10.0,3.0
260,Austria,2020-11-01,-39.0,-26.0,-9.0,-32.0,-16.0,3.0
261,Austria,2020-11-02,-17.0,-14.0,7.0,-31.0,-31.0,7.0
262,Austria,2020-11-03,-50.0,-16.0,-12.0,-43.0,-30.0,11.0
263,Austria,2020-11-04,-47.0,-12.0,-25.0,-39.0,-28.0,11.0
264,Austria,2020-11-05,-45.0,-10.0,-19.0,-37.0,-28.0,11.0
265,Austria,2020-11-06,-46.0,-8.0,-7.0,-38.0,-28.0,11.0
266,Austria,2020-11-07,-46.0,-12.0,13.0,-42.0,-24.0,9.0
267,Austria,2020-11-08,-67.0,-36.0,9.0,-45.0,-32.0,7.0
268,Austria,2020-11-09,-40.0,-14.0,-18.0,-37.0,-28.0,10.0
269,Austria,2020-11-10,-41.0,-11.0,-12.0,-36.0,-28.0,11.0
270,Austria,2020-11-11,-43.0,-12.0,-15.0,-36.0,-29.0,11.0
271,Austria,2020-11-12,-44.0,-11.0,-21.0,-37.0,-29.0,11.0
272,Austria,2020-11-13,-42.0,-6.0,-18.0,-38.0,-29.0,12.0
273,Austria,2020-11-14,-38.0,-7.0,-4.0,-42.0,-24.0,8.0
274,Austria,2020-11-15,-68.0,-38.0,-1.0,-45.0,-30.0,7.0
275,Austria,2020-11-16,-19.0,-2.0,-24.0,-33.0,-27.0,8.0
276,Austria,2020-11-17,-69.0,-27.0,-11.0,-51.0,-40.0,16.0
277,Austria,2020-11-18,-67.0,-21.0,5.0,-49.0,-40.0,15.0
278,Austria,2020-11-19,-69.0,-21.0,-34.0,-53.0,-41.0,17.0
279,Austria,2020-11-20,-70.0,-18.0,-35.0,-54.0,-41.0,18.0
280,Austria,2020-11-21,-73.0,-21.0,-4.0,-56.0,-36.0,13.0
281,Austria,2020-11-22,-73.0,-45.0,6.0,-52.0,-37.0,9.0
282,Austria,2020-11-23,-64.0,-21.0,-28.0,-51.0,-39.0,15.0
283,Austria,2020-11-24,-65.0,-19.0,-13.0,-50.0,-39.0,15.0
284,Austria,2020-11-25,-66.0,-18.0,-23.0,-51.0,-39.0,16.0
285,Austria,2020-11-26,-67.0,-18.0,-30.0,-51.0,-39.0,16.0
286,Austria,2020-11-27,-67.0,-13.0,-31.0,-53.0,-39.0,17.0
287,Austria,2020-11-28,-71.0,-17.0,-22.0,-56.0,-34.0,13.0
288,Austria,2020-11-29,-73.0,-44.0,-5.0,-51.0,-35.0,9.0
289,Austria,2020-11-30,-60.0,-15.0,-16.0,-47.0,-37.0,13.0
290,Austria,2020-12-01,-62.0,-12.0,-21.0,-48.0,-37.0,14.0
291,Austria,2020-12-02,-64.0,-14.0,-29.0,-49.0,-37.0,15.0
292,Austria,2020-12-03,-65.0,-15.0,-29.0,-46.0,-38.0,16.0
293,Austria,2020-12-04,-64.0,-7.0,-35.0,-49.0,-37.0,16.0
294,Austria,2020-12-05,-68.0,-12.0,-22.0,-51.0,-31.0,12.0
295,Austria,2020-12-06,-73.0,-44.0,-26.0,-51.0,-33.0,9.0
296,Austria,2020-12-07,-25.0,5.0,-16.0,-40.0,-43.0,12.0
297,Austria,2020-12-08,-50.0,-48.0,-8.0,-60.0,-79.0,24.0
298,Austria,2020-12-09,-38.0,-2.0,-28.0,-34.0,-26.0,10.0
299,Austria,2020-12-10,-40.0,-5.0,-37.0,-35.0,-26.0,11.0
300,Austria,2020-12-11,-40.0,-1.0,-28.0,-35.0,-25.0,10.0
301,Austria,2020-12-12,-39.0,-3.0,-22.0,-37.0,-21.0,8.0
302,Austria,2020-12-13,-68.0,-36.0,-17.0,-44.0,-30.0,8.0
303,Austria,2020-12-14,-31.0,-5.0,-15.0,-33.0,-25.0,8.0
304,Austria,2020-12-15,-34.0,-2.0,-16.0,-33.0,-26.0,9.0
305,Austria,2020-12-16,-35.0,0.0,-19.0,-32.0,-25.0,9.0
306,Austria,2020-12-17,-37.0,0.0,-23.0,-31.0,-25.0,10.0
307,Austria,2020-12-18,-38.0,1.0,-23.0,-30.0,-25.0,10.0
308,Austria,2020-12-19,-38.0,-1.0,-23.0,-33.0,-21.0,8.0
309,Austria,2020-12-20,-70.0,-37.0,-17.0,-45.0,-31.0,8.0
310,Austria,2020-12-21,-19.0,10.0,-16.0,-33.0,-30.0,9.0
311,Austria,2020-12-22,-24.0,18.0,-20.0,-34.0,-32.0,10.0
312,Austria,2020-12-23,-23.0,35.0,-11.0,-34.0,-39.0,10.0
313,Austria,2020-12-24,-63.0,-24.0,-41.0,-60.0,-76.0,20.0
314,Austria,2020-12-25,-90.0,-92.0,-45.0,-73.0,-86.0,24.0
315,Austria,2020-12-26,-86.0,-90.0,-17.0,-63.0,-56.0,14.0
316,Austria,2020-12-27,-73.0,-39.0,-7.0,-53.0,-37.0,8.0
317,Austria,2020-12-28,-66.0,-13.0,-27.0,-62.0,-64.0,21.0
318,Austria,2020-12-29,-63.0,-13.0,19.0,-57.0,-65.0,20.0
319,Austria,2020-12-30,-60.0,8.0,-11.0,-57.0,-64.0,20.0
320,Austria,2020-12-31,-68.0,-12.0,7.0,-61.0,-75.0,22.0
321,Austria,2021-01-01,-90.0,-93.0,-30.0,-78.0,-87.0,29.0
322,Austria,2021-01-02,-74.0,-26.0,-24.0,-59.0,-39.0,14.0
323,Austria,2021-01-03,-74.0,-47.0,-16.0,-52.0,-34.0,9.0
324,Austria,2021-01-04,-62.0,-14.0,-24.0,-56.0,-56.0,19.0
325,Austria,2021-01-05,-60.0,2.0,-3.0,-54.0,-57.0,17.0
326,Austria,2021-01-06,-82.0,-89.0,-6.0,-68.0,-84.0,29.0
327,Austria,2021-01-07,-64.0,-10.0,-26.0,-53.0,-47.0,18.0
328,Austria,2021-01-08,-66.0,-16.0,-24.0,-53.0,-45.0,18.0
329,Austria,2021-01-09,-70.0,-21.0,-11.0,-52.0,-33.0,11.0
330,Austria,2021-01-10,-72.0,-43.0,-13.0,-48.0,-30.0,8.0
331,Austria,2021-01-11,-60.0,-17.0,-17.0,-46.0,-34.0,13.0
332,Austria,2021-01-12,-63.0,-19.0,-25.0,-48.0,-35.0,14.0
333,Austria,2021-01-13,-64.0,-20.0,-29.0,-48.0,-35.0,14.0
334,Austria,2021-01-14,-67.0,-23.0,-41.0,-49.0,-37.0,15.0
335,Austria,2021-01-15,-66.0,-15.0,-32.0,-49.0,-37.0,14.0
336,Austria,2021-01-16,-70.0,-22.0,-16.0,-52.0,-33.0,10.0
337,Austria,2021-01-17,-74.0,-43.0,-19.0,-52.0,-30.0,8.0
338,Austria,2021-01-18,-63.0,-22.0,-31.0,-47.0,-36.0,13.0
339,Austria,2021-01-19,-63.0,-18.0,-15.0,-47.0,-36.0,13.0
76008,Switzerland,2020-02-15,-1.0,-1.0,31.0,6.0,-2.0,-1.0
76009,Switzerland,2020-02-16,10.0,12.0,30.0,8.0,-2.0,-1.0
76010,Switzerland,2020-02-17,-3.0,-4.0,-3.0,-2.0,-1.0,1.0
76011,Switzerland,2020-02-18,3.0,1.0,34.0,3.0,-2.0,1.0
76012,Switzerland,2020-02-19,-4.0,-4.0,-11.0,-4.0,-3.0,1.0
76013,Switzerland,2020-02-20,2.0,-1.0,46.0,5.0,-5.0,0.0
76014,Switzerland,2020-02-21,-1.0,-1.0,26.0,1.0,-6.0,1.0
76015,Switzerland,2020-02-22,1.0,0.0,57.0,14.0,-1.0,-2.0
76016,Switzerland,2020-02-23,14.0,18.0,27.0,13.0,0.0,-1.0
76017,Switzerland,2020-02-24,6.0,3.0,74.0,7.0,-3.0,0.0
76018,Switzerland,2020-02-25,4.0,6.0,17.0,3.0,-4.0,1.0
76019,Switzerland,2020-02-26,-5.0,0.0,-20.0,-5.0,-4.0,2.0
76020,Switzerland,2020-02-27,-5.0,1.0,-22.0,-5.0,-5.0,2.0
76021,Switzerland,2020-02-28,-1.0,8.0,16.0,-1.0,-4.0,2.0
76022,Switzerland,2020-02-29,-6.0,4.0,-14.0,-7.0,-2.0,2.0
76023,Switzerland,2020-03-01,3.0,8.0,29.0,2.0,-1.0,1.0
76024,Switzerland,2020-03-02,-7.0,-1.0,-24.0,-7.0,-1.0,3.0
76025,Switzerland,2020-03-03,-1.0,4.0,7.0,-3.0,0.0,2.0
76026,Switzerland,2020-03-04,-3.0,1.0,8.0,-2.0,-1.0,1.0
76027,Switzerland,2020-03-05,-11.0,-4.0,-36.0,-11.0,-2.0,3.0
76028,Switzerland,2020-03-06,-6.0,1.0,-12.0,-8.0,-2.0,3.0
76029,Switzerland,2020-03-07,-4.0,2.0,-3.0,-9.0,-2.0,3.0
76030,Switzerland,2020-03-08,6.0,7.0,47.0,3.0,-3.0,0.0
76031,Switzerland,2020-03-09,-8.0,-1.0,-17.0,-8.0,0.0,3.0
76032,Switzerland,2020-03-10,-10.0,-1.0,-26.0,-10.0,-1.0,4.0
76033,Switzerland,2020-03-11,-7.0,2.0,10.0,-6.0,-2.0,3.0
76034,Switzerland,2020-03-12,-11.0,8.0,-1.0,-11.0,-4.0,4.0
76035,Switzerland,2020-03-13,-13.0,24.0,1.0,-15.0,-6.0,5.0
76036,Switzerland,2020-03-14,-25.0,12.0,-6.0,-26.0,-7.0,8.0
76037,Switzerland,2020-03-15,-27.0,2.0,66.0,-16.0,-13.0,5.0
76038,Switzerland,2020-03-16,-17.0,24.0,14.0,-30.0,-20.0,10.0
76039,Switzerland,2020-03-17,-57.0,1.0,21.0,-42.0,-33.0,17.0
76040,Switzerland,2020-03-18,-62.0,-4.0,22.0,-45.0,-38.0,18.0
76041,Switzerland,2020-03-19,-65.0,-10.0,19.0,-51.0,-46.0,21.0
76042,Switzerland,2020-03-20,-67.0,-4.0,-11.0,-56.0,-45.0,24.0
76043,Switzerland,2020-03-21,-78.0,-26.0,-29.0,-62.0,-43.0,19.0
76044,Switzerland,2020-03-22,-82.0,-49.0,-40.0,-66.0,-45.0,15.0
76045,Switzerland,2020-03-23,-68.0,-20.0,-19.0,-59.0,-46.0,22.0
76046,Switzerland,2020-03-24,-69.0,-19.0,-5.0,-58.0,-49.0,24.0
76047,Switzerland,2020-03-25,-70.0,-19.0,-20.0,-59.0,-49.0,23.0
76048,Switzerland,2020-03-26,-70.0,-18.0,-23.0,-61.0,-50.0,24.0
76049,Switzerland,2020-03-27,-69.0,-13.0,-3.0,-58.0,-49.0,26.0
76050,Switzerland,2020-03-28,-73.0,-19.0,18.0,-53.0,-43.0,17.0
76051,Switzerland,2020-03-29,-81.0,-51.0,-41.0,-68.0,-46.0,15.0
76052,Switzerland,2020-03-30,-71.0,-22.0,-46.0,-62.0,-48.0,23.0
76053,Switzerland,2020-03-31,-84.0,-2.0,1.0,-53.0,-49.0,23.0
76054,Switzerland,2020-04-01,-84.0,-5.0,7.0,-52.0,-48.0,22.0
76055,Switzerland,2020-04-02,-84.0,-3.0,8.0,-53.0,-50.0,23.0
76056,Switzerland,2020-04-03,-79.0,2.0,8.0,-54.0,-48.0,25.0
76057,Switzerland,2020-04-04,-82.0,-5.0,15.0,-51.0,-42.0,17.0
76058,Switzerland,2020-04-05,-76.0,-25.0,42.0,-48.0,-42.0,12.0
76059,Switzerland,2020-04-06,-76.0,-5.0,21.0,-51.0,-47.0,21.0
76060,Switzerland,2020-04-07,-72.0,1.0,42.0,-50.0,-48.0,21.0
76061,Switzerland,2020-04-08,-72.0,9.0,26.0,-51.0,-48.0,20.0
76062,Switzerland,2020-04-09,-70.0,25.0,22.0,-50.0,-50.0,21.0
76063,Switzerland,2020-04-10,-87.0,-75.0,75.0,-61.0,-85.0,34.0
76064,Switzerland,2020-04-11,-77.0,11.0,27.0,-47.0,-41.0,15.0
76065,Switzerland,2020-04-12,-78.0,-30.0,33.0,-49.0,-39.0,11.0
76066,Switzerland,2020-04-13,-86.0,-80.0,83.0,-61.0,-85.0,30.0
76067,Switzerland,2020-04-14,-73.0,-4.0,11.0,-52.0,-47.0,21.0
76068,Switzerland,2020-04-15,-74.0,-14.0,30.0,-49.0,-46.0,20.0
76069,Switzerland,2020-04-16,-72.0,-14.0,30.0,-51.0,-47.0,21.0
76070,Switzerland,2020-04-17,-72.0,-10.0,39.0,-50.0,-46.0,22.0
76071,Switzerland,2020-04-18,-76.0,-14.0,33.0,-46.0,-36.0,15.0
76072,Switzerland,2020-04-19,-74.0,-21.0,36.0,-46.0,-36.0,11.0
76073,Switzerland,2020-04-20,-70.0,-21.0,15.0,-51.0,-43.0,20.0
76074,Switzerland,2020-04-21,-71.0,-15.0,17.0,-50.0,-43.0,20.0
76075,Switzerland,2020-04-22,-70.0,-16.0,46.0,-46.0,-42.0,19.0
76076,Switzerland,2020-04-23,-70.0,-12.0,44.0,-47.0,-43.0,19.0
76077,Switzerland,2020-04-24,-70.0,-4.0,40.0,-46.0,-42.0,21.0
76078,Switzerland,2020-04-25,-74.0,-10.0,27.0,-44.0,-34.0,14.0
76079,Switzerland,2020-04-26,-73.0,-20.0,19.0,-47.0,-34.0,11.0
76080,Switzerland,2020-04-27,-59.0,-7.0,29.0,-40.0,-37.0,16.0
76081,Switzerland,2020-04-28,-64.0,-7.0,-25.0,-47.0,-39.0,18.0
76082,Switzerland,2020-04-29,-64.0,-6.0,-4.0,-43.0,-38.0,18.0
76083,Switzerland,2020-04-30,-62.0,-1.0,-42.0,-49.0,-40.0,19.0
76084,Switzerland,2020-05-01,-71.0,-30.0,-25.0,-56.0,-57.0,27.0
76085,Switzerland,2020-05-02,-66.0,-2.0,-34.0,-48.0,-31.0,15.0
76086,Switzerland,2020-05-03,-68.0,,41.0,-38.0,-30.0,9.0
76087,Switzerland,2020-05-04,-55.0,-9.0,42.0,-38.0,-35.0,15.0
76088,Switzerland,2020-05-05,-60.0,-8.0,-19.0,-46.0,-36.0,18.0
76089,Switzerland,2020-05-06,-59.0,-5.0,19.0,-39.0,-35.0,16.0
76090,Switzerland,2020-05-07,-53.0,-2.0,56.0,-38.0,-36.0,15.0
76091,Switzerland,2020-05-08,-54.0,2.0,58.0,-38.0,-34.0,16.0
76092,Switzerland,2020-05-09,-56.0,2.0,67.0,-32.0,-21.0,9.0
76093,Switzerland,2020-05-10,-61.0,-9.0,43.0,-33.0,-19.0,7.0
76094,Switzerland,2020-05-11,-35.0,-6.0,-29.0,-38.0,-27.0,14.0
76095,Switzerland,2020-05-12,-33.0,1.0,3.0,-33.0,-27.0,14.0
76096,Switzerland,2020-05-13,-39.0,-5.0,-31.0,-38.0,-28.0,14.0
76097,Switzerland,2020-05-14,-36.0,1.0,-15.0,-36.0,-29.0,13.0
76098,Switzerland,2020-05-15,-35.0,2.0,-11.0,-35.0,-27.0,14.0
76099,Switzerland,2020-05-16,-33.0,2.0,27.0,-27.0,-12.0,9.0
76100,Switzerland,2020-05-17,-37.0,-1.0,100.0,-21.0,-14.0,5.0
76101,Switzerland,2020-05-18,-26.0,0.0,56.0,-28.0,-25.0,11.0
76102,Switzerland,2020-05-19,-25.0,8.0,69.0,-25.0,-26.0,11.0
76103,Switzerland,2020-05-20,-16.0,25.0,13.0,-21.0,-27.0,8.0
76104,Switzerland,2020-05-21,-58.0,-71.0,145.0,-31.0,-81.0,20.0
76105,Switzerland,2020-05-22,-18.0,18.0,54.0,-29.0,-53.0,15.0
76106,Switzerland,2020-05-23,-35.0,-6.0,-39.0,-40.0,-15.0,11.0
76107,Switzerland,2020-05-24,-32.0,-4.0,32.0,-18.0,-10.0,4.0
76108,Switzerland,2020-05-25,-17.0,3.0,-3.0,-26.0,-25.0,10.0
76109,Switzerland,2020-05-26,-17.0,6.0,10.0,-23.0,-24.0,10.0
76110,Switzerland,2020-05-27,-19.0,4.0,9.0,-22.0,-24.0,9.0
76111,Switzerland,2020-05-28,-20.0,8.0,-5.0,-25.0,-25.0,10.0
76112,Switzerland,2020-05-29,-19.0,12.0,8.0,-23.0,-24.0,9.0
76113,Switzerland,2020-05-30,-20.0,10.0,21.0,-16.0,-2.0,4.0
76114,Switzerland,2020-05-31,-19.0,14.0,82.0,-3.0,-4.0,1.0
76115,Switzerland,2020-06-01,-48.0,-65.0,145.0,-29.0,-77.0,17.0
76116,Switzerland,2020-06-02,-15.0,17.0,18.0,-19.0,-21.0,7.0
76117,Switzerland,2020-06-03,-21.0,5.0,-12.0,-23.0,-22.0,9.0
76118,Switzerland,2020-06-04,-24.0,2.0,-51.0,-32.0,-23.0,11.0
76119,Switzerland,2020-06-05,-20.0,5.0,-25.0,-29.0,-21.0,11.0
76120,Switzerland,2020-06-06,-17.0,3.0,-21.0,-27.0,-3.0,6.0
76121,Switzerland,2020-06-07,-42.0,-21.0,-41.0,-40.0,-11.0,8.0
76122,Switzerland,2020-06-08,-16.0,-2.0,-12.0,-24.0,-19.0,8.0
76123,Switzerland,2020-06-09,-16.0,1.0,-15.0,-24.0,-21.0,9.0
76124,Switzerland,2020-06-10,-15.0,4.0,-23.0,-24.0,-21.0,8.0
76125,Switzerland,2020-06-11,-21.0,-14.0,24.0,-25.0,-37.0,11.0
76126,Switzerland,2020-06-12,-13.0,6.0,71.0,-17.0,-26.0,7.0
76127,Switzerland,2020-06-13,-20.0,0.0,14.0,-22.0,-3.0,5.0
76128,Switzerland,2020-06-14,-31.0,-12.0,-12.0,-32.0,-5.0,5.0
76129,Switzerland,2020-06-15,-14.0,-1.0,9.0,-21.0,-19.0,7.0
76130,Switzerland,2020-06-16,-12.0,2.0,29.0,-17.0,-19.0,6.0
76131,Switzerland,2020-06-17,-17.0,-2.0,-18.0,-23.0,-21.0,8.0
76132,Switzerland,2020-06-18,-15.0,0.0,12.0,-20.0,-21.0,6.0
76133,Switzerland,2020-06-19,-15.0,1.0,14.0,-21.0,-21.0,6.0
76134,Switzerland,2020-06-20,-16.0,-2.0,49.0,-13.0,-1.0,1.0
76135,Switzerland,2020-06-21,-13.0,4.0,79.0,-8.0,-1.0,-1.0
76136,Switzerland,2020-06-22,-12.0,-1.0,52.0,-17.0,-21.0,5.0
76137,Switzerland,2020-06-23,-10.0,1.0,95.0,-11.0,-22.0,4.0
76138,Switzerland,2020-06-24,-12.0,1.0,78.0,-12.0,-20.0,3.0
76139,Switzerland,2020-06-25,-9.0,7.0,67.0,-12.0,-20.0,3.0
76140,Switzerland,2020-06-26,-11.0,6.0,50.0,-14.0,-20.0,4.0
76141,Switzerland,2020-06-27,-13.0,1.0,63.0,-8.0,-2.0,-1.0
76142,Switzerland,2020-06-28,-17.0,-1.0,41.0,-14.0,-1.0,1.0
76143,Switzerland,2020-06-29,-8.0,1.0,30.0,-17.0,-20.0,5.0
76144,Switzerland,2020-06-30,-3.0,5.0,112.0,-8.0,-18.0,3.0
76145,Switzerland,2020-07-01,-9.0,3.0,55.0,-13.0,-18.0,3.0
76146,Switzerland,2020-07-02,-8.0,6.0,30.0,-16.0,-19.0,5.0
76147,Switzerland,2020-07-03,-8.0,6.0,45.0,-15.0,-20.0,5.0
76148,Switzerland,2020-07-04,-14.0,0.0,96.0,-6.0,-2.0,-1.0
76149,Switzerland,2020-07-05,-8.0,11.0,124.0,0.0,-2.0,-3.0
76150,Switzerland,2020-07-06,-5.0,2.0,69.0,-17.0,-24.0,5.0
76151,Switzerland,2020-07-07,-3.0,6.0,128.0,-10.0,-24.0,3.0
76152,Switzerland,2020-07-08,-9.0,0.0,112.0,-12.0,-23.0,2.0
76153,Switzerland,2020-07-09,-10.0,3.0,107.0,-14.0,-25.0,3.0
76154,Switzerland,2020-07-10,-14.0,1.0,74.0,-18.0,-26.0,5.0
76155,Switzerland,2020-07-11,-15.0,-1.0,52.0,-17.0,-6.0,1.0
76156,Switzerland,2020-07-12,-6.0,13.0,132.0,0.0,-3.0,-3.0
76157,Switzerland,2020-07-13,-6.0,1.0,123.0,-15.0,-28.0,4.0
76158,Switzerland,2020-07-14,-6.0,1.0,146.0,-13.0,-29.0,4.0
76159,Switzerland,2020-07-15,-10.0,-2.0,44.0,-22.0,-27.0,6.0
76160,Switzerland,2020-07-16,-9.0,0.0,48.0,-23.0,-29.0,6.0
76161,Switzerland,2020-07-17,-12.0,-1.0,72.0,-21.0,-29.0,5.0
76162,Switzerland,2020-07-18,-19.0,-6.0,117.0,-9.0,-6.0,-2.0
76163,Switzerland,2020-07-19,-7.0,12.0,148.0,0.0,-4.0,-4.0
76164,Switzerland,2020-07-20,-9.0,-2.0,168.0,-15.0,-33.0,3.0
76165,Switzerland,2020-07-21,-7.0,0.0,135.0,-18.0,-34.0,5.0
76166,Switzerland,2020-07-22,-11.0,-4.0,97.0,-20.0,-31.0,5.0
76167,Switzerland,2020-07-23,-10.0,-2.0,126.0,-18.0,-33.0,4.0
76168,Switzerland,2020-07-24,-11.0,0.0,67.0,-22.0,-34.0,6.0
76169,Switzerland,2020-07-25,-18.0,-8.0,125.0,-8.0,-8.0,-3.0
76170,Switzerland,2020-07-26,-9.0,10.0,107.0,-8.0,-5.0,-2.0
76171,Switzerland,2020-07-27,-6.0,0.0,182.0,-15.0,-37.0,4.0
76172,Switzerland,2020-07-28,-8.0,1.0,151.0,-18.0,-37.0,6.0
76173,Switzerland,2020-07-29,-8.0,1.0,142.0,-17.0,-37.0,4.0
76174,Switzerland,2020-07-30,-10.0,5.0,151.0,-18.0,-39.0,4.0
76175,Switzerland,2020-07-31,-15.0,14.0,163.0,-18.0,-40.0,4.0
76176,Switzerland,2020-08-01,-57.0,-70.0,138.0,-15.0,-34.0,0.0
76177,Switzerland,2020-08-02,-21.0,7.0,37.0,-20.0,-10.0,1.0
76178,Switzerland,2020-08-03,-4.0,6.0,28.0,-26.0,-37.0,8.0
76179,Switzerland,2020-08-04,-3.0,3.0,85.0,-21.0,-37.0,7.0
76180,Switzerland,2020-08-05,-7.0,-3.0,150.0,-14.0,-35.0,4.0
76181,Switzerland,2020-08-06,-9.0,0.0,157.0,-15.0,-37.0,3.0
76182,Switzerland,2020-08-07,-14.0,-3.0,167.0,-16.0,-36.0,3.0
76183,Switzerland,2020-08-08,-20.0,-9.0,146.0,-8.0,-10.0,-3.0
76184,Switzerland,2020-08-09,-10.0,10.0,142.0,-4.0,-4.0,-3.0
76185,Switzerland,2020-08-10,-9.0,0.0,122.0,-16.0,-29.0,4.0
76186,Switzerland,2020-08-11,-7.0,1.0,162.0,-13.0,-28.0,4.0
76187,Switzerland,2020-08-12,-11.0,-2.0,121.0,-15.0,-28.0,3.0
76188,Switzerland,2020-08-13,-9.0,1.0,74.0,-19.0,-29.0,5.0
76189,Switzerland,2020-08-14,-10.0,3.0,84.0,-18.0,-29.0,5.0
76190,Switzerland,2020-08-15,-22.0,-21.0,145.0,-6.0,-14.0,-1.0
76191,Switzerland,2020-08-16,-9.0,11.0,115.0,-6.0,-3.0,-2.0
76192,Switzerland,2020-08-17,-7.0,2.0,60.0,-16.0,-24.0,5.0
76193,Switzerland,2020-08-18,-7.0,1.0,94.0,-13.0,-22.0,4.0
76194,Switzerland,2020-08-19,-9.0,-2.0,102.0,-11.0,-22.0,3.0
76195,Switzerland,2020-08-20,-11.0,-2.0,121.0,-12.0,-23.0,2.0
76196,Switzerland,2020-08-21,-14.0,-3.0,148.0,-11.0,-24.0,2.0
76197,Switzerland,2020-08-22,-15.0,-5.0,61.0,-15.0,-8.0,1.0
76198,Switzerland,2020-08-23,-7.0,4.0,93.0,-8.0,-5.0,-1.0
76199,Switzerland,2020-08-24,-8.0,-1.0,86.0,-12.0,-20.0,3.0
76200,Switzerland,2020-08-25,-4.0,3.0,114.0,-8.0,-21.0,2.0
76201,Switzerland,2020-08-26,-8.0,1.0,95.0,-9.0,-20.0,2.0
76202,Switzerland,2020-08-27,-8.0,1.0,92.0,-11.0,-21.0,2.0
76203,Switzerland,2020-08-28,-14.0,-1.0,21.0,-17.0,-22.0,4.0
76204,Switzerland,2020-08-29,-15.0,-5.0,-7.0,-23.0,-11.0,3.0
76205,Switzerland,2020-08-30,-26.0,-15.0,-30.0,-32.0,-14.0,4.0
76206,Switzerland,2020-08-31,-8.0,-1.0,41.0,-14.0,-20.0,4.0
76207,Switzerland,2020-09-01,-7.0,0.0,68.0,-11.0,-20.0,3.0
76208,Switzerland,2020-09-02,-9.0,-2.0,65.0,-12.0,-20.0,2.0
76209,Switzerland,2020-09-03,-9.0,0.0,82.0,-12.0,-21.0,2.0
76210,Switzerland,2020-09-04,-9.0,-1.0,116.0,-9.0,-21.0,1.0
76211,Switzerland,2020-09-05,-12.0,-7.0,112.0,-6.0,-10.0,-3.0
76212,Switzerland,2020-09-06,-13.0,-1.0,42.0,-18.0,-11.0,1.0
76213,Switzerland,2020-09-07,-8.0,0.0,53.0,-14.0,-20.0,3.0
76214,Switzerland,2020-09-08,-6.0,0.0,108.0,-8.0,-21.0,2.0
76215,Switzerland,2020-09-09,-9.0,-4.0,95.0,-9.0,-19.0,1.0
76216,Switzerland,2020-09-10,-12.0,-4.0,86.0,-13.0,-23.0,2.0
76217,Switzerland,2020-09-11,-10.0,-1.0,95.0,-11.0,-21.0,1.0
76218,Switzerland,2020-09-12,-11.0,-6.0,100.0,-7.0,-8.0,-3.0
76219,Switzerland,2020-09-13,-1.0,7.0,127.0,0.0,-8.0,-4.0
76220,Switzerland,2020-09-14,-9.0,-2.0,102.0,-10.0,-17.0,1.0
76221,Switzerland,2020-09-15,-8.0,0.0,119.0,-7.0,-16.0,1.0
76222,Switzerland,2020-09-16,-11.0,-4.0,82.0,-10.0,-16.0,1.0
76223,Switzerland,2020-09-17,-11.0,-2.0,82.0,-12.0,-18.0,1.0
76224,Switzerland,2020-09-18,-11.0,-2.0,91.0,-11.0,-18.0,1.0
76225,Switzerland,2020-09-19,-13.0,-5.0,67.0,-11.0,-10.0,-1.0
76226,Switzerland,2020-09-20,-6.0,3.0,81.0,-9.0,-8.0,-1.0
76227,Switzerland,2020-09-21,-14.0,-11.0,75.0,-15.0,-26.0,4.0
76228,Switzerland,2020-09-22,-10.0,-1.0,69.0,-10.0,-17.0,3.0
76229,Switzerland,2020-09-23,-14.0,-3.0,40.0,-12.0,-16.0,3.0
76230,Switzerland,2020-09-24,-15.0,-3.0,21.0,-15.0,-18.0,4.0
76231,Switzerland,2020-09-25,-14.0,0.0,-4.0,-16.0,-18.0,5.0
76232,Switzerland,2020-09-26,-13.0,-2.0,-14.0,-22.0,-10.0,2.0
76233,Switzerland,2020-09-27,-18.0,-10.0,4.0,-20.0,-11.0,3.0
76234,Switzerland,2020-09-28,-9.0,-2.0,30.0,-14.0,-19.0,4.0
76235,Switzerland,2020-09-29,-9.0,0.0,29.0,-14.0,-20.0,5.0
76236,Switzerland,2020-09-30,-9.0,-3.0,58.0,-9.0,-20.0,2.0
76237,Switzerland,2020-10-01,-13.0,-1.0,17.0,-15.0,-19.0,4.0
76238,Switzerland,2020-10-02,-13.0,-1.0,6.0,-17.0,-20.0,5.0
76239,Switzerland,2020-10-03,-12.0,-3.0,-2.0,-19.0,-11.0,2.0
76240,Switzerland,2020-10-04,-12.0,-6.0,29.0,-14.0,-10.0,2.0
76241,Switzerland,2020-10-05,-11.0,-3.0,8.0,-18.0,-22.0,5.0
76242,Switzerland,2020-10-06,-10.0,-2.0,22.0,-16.0,-23.0,5.0
76243,Switzerland,2020-10-07,-13.0,-5.0,12.0,-18.0,-22.0,5.0
76244,Switzerland,2020-10-08,-12.0,-3.0,57.0,-15.0,-23.0,3.0
76245,Switzerland,2020-10-09,-14.0,-4.0,56.0,-16.0,-24.0,4.0
76246,Switzerland,2020-10-10,-18.0,-5.0,-10.0,-26.0,-10.0,3.0
76247,Switzerland,2020-10-11,-21.0,-10.0,20.0,-22.0,-11.0,3.0
76248,Switzerland,2020-10-12,-14.0,-4.0,24.0,-19.0,-21.0,5.0
76249,Switzerland,2020-10-13,-11.0,-2.0,47.0,-16.0,-21.0,5.0
76250,Switzerland,2020-10-14,-15.0,-4.0,25.0,-17.0,-20.0,5.0
76251,Switzerland,2020-10-15,-17.0,-1.0,-9.0,-23.0,-22.0,7.0
76252,Switzerland,2020-10-16,-17.0,-1.0,0.0,-23.0,-22.0,7.0
76253,Switzerland,2020-10-17,-19.0,-4.0,6.0,-24.0,-10.0,4.0
76254,Switzerland,2020-10-18,-22.0,-9.0,35.0,-20.0,-12.0,3.0
76255,Switzerland,2020-10-19,-17.0,-4.0,34.0,-18.0,-19.0,6.0
76256,Switzerland,2020-10-20,-16.0,-3.0,46.0,-18.0,-20.0,7.0
76257,Switzerland,2020-10-21,-20.0,-5.0,28.0,-20.0,-20.0,7.0
76258,Switzerland,2020-10-22,-21.0,-2.0,9.0,-24.0,-22.0,8.0
76259,Switzerland,2020-10-23,-24.0,-3.0,-26.0,-29.0,-22.0,10.0
76260,Switzerland,2020-10-24,-19.0,0.0,18.0,-25.0,-9.0,6.0
76261,Switzerland,2020-10-25,-18.0,-2.0,75.0,-15.0,-12.0,3.0
76262,Switzerland,2020-10-26,-24.0,-7.0,-31.0,-28.0,-19.0,9.0
76263,Switzerland,2020-10-27,-17.0,1.0,19.0,-21.0,-20.0,8.0
76264,Switzerland,2020-10-28,-22.0,-3.0,-2.0,-24.0,-19.0,9.0
76265,Switzerland,2020-10-29,-24.0,-1.0,-15.0,-28.0,-21.0,10.0
76266,Switzerland,2020-10-30,-22.0,2.0,27.0,-25.0,-20.0,10.0
76267,Switzerland,2020-10-31,-23.0,0.0,30.0,-27.0,-10.0,7.0
76268,Switzerland,2020-11-01,-37.0,-16.0,11.0,-34.0,-18.0,7.0
76269,Switzerland,2020-11-02,-20.0,-5.0,33.0,-24.0,-20.0,8.0
76270,Switzerland,2020-11-03,-26.0,-4.0,-10.0,-28.0,-22.0,11.0
76271,Switzerland,2020-11-04,-28.0,-5.0,-24.0,-30.0,-21.0,11.0
76272,Switzerland,2020-11-05,-30.0,0.0,-16.0,-31.0,-22.0,11.0
76273,Switzerland,2020-11-06,-29.0,1.0,6.0,-29.0,-21.0,12.0
76274,Switzerland,2020-11-07,-29.0,0.0,16.0,-31.0,-15.0,9.0
76275,Switzerland,2020-11-08,-40.0,-16.0,36.0,-30.0,-21.0,7.0
76276,Switzerland,2020-11-09,-28.0,-5.0,13.0,-27.0,-20.0,10.0
76277,Switzerland,2020-11-10,-28.0,-1.0,12.0,-26.0,-21.0,10.0
76278,Switzerland,2020-11-11,-30.0,-4.0,1.0,-27.0,-21.0,10.0
76279,Switzerland,2020-11-12,-30.0,-1.0,8.0,-27.0,-21.0,10.0
76280,Switzerland,2020-11-13,-29.0,2.0,14.0,-27.0,-20.0,11.0
76281,Switzerland,2020-11-14,-26.0,2.0,36.0,-26.0,-13.0,7.0
76282,Switzerland,2020-11-15,-36.0,-11.0,54.0,-25.0,-20.0,6.0
76283,Switzerland,2020-11-16,-29.0,-5.0,-16.0,-29.0,-19.0,10.0
76284,Switzerland,2020-11-17,-27.0,-2.0,18.0,-25.0,-19.0,10.0
76285,Switzerland,2020-11-18,-29.0,-4.0,17.0,-24.0,-19.0,10.0
76286,Switzerland,2020-11-19,-32.0,-2.0,-27.0,-32.0,-20.0,11.0
76287,Switzerland,2020-11-20,-29.0,2.0,-19.0,-30.0,-19.0,12.0
76288,Switzerland,2020-11-21,-25.0,2.0,0.0,-32.0,-13.0,9.0
76289,Switzerland,2020-11-22,-41.0,-16.0,24.0,-31.0,-21.0,7.0
76290,Switzerland,2020-11-23,-27.0,-5.0,-7.0,-28.0,-18.0,10.0
76291,Switzerland,2020-11-24,-26.0,-2.0,0.0,-26.0,-19.0,10.0
76292,Switzerland,2020-11-25,-24.0,0.0,-11.0,-26.0,-18.0,10.0
76293,Switzerland,2020-11-26,-23.0,4.0,-13.0,-27.0,-19.0,10.0
76294,Switzerland,2020-11-27,-18.0,8.0,-8.0,-25.0,-18.0,10.0
76295,Switzerland,2020-11-28,-20.0,6.0,-11.0,-30.0,-10.0,8.0
76296,Switzerland,2020-11-29,-41.0,-17.0,-15.0,-37.0,-18.0,8.0
76297,Switzerland,2020-11-30,-21.0,0.0,-17.0,-27.0,-17.0,9.0
76298,Switzerland,2020-12-01,-26.0,1.0,-22.0,-24.0,-18.0,10.0
76299,Switzerland,2020-12-02,-25.0,1.0,-27.0,-27.0,-17.0,10.0
76300,Switzerland,2020-12-03,-24.0,6.0,-14.0,-26.0,-17.0,9.0
76301,Switzerland,2020-12-04,-28.0,2.0,-29.0,-28.0,-17.0,12.0
76302,Switzerland,2020-12-05,-25.0,6.0,-32.0,-33.0,-11.0,9.0
76303,Switzerland,2020-12-06,-46.0,-17.0,-24.0,-37.0,-18.0,8.0
76304,Switzerland,2020-12-07,-22.0,0.0,-19.0,-26.0,-20.0,10.0
76305,Switzerland,2020-12-08,-26.0,-8.0,-9.0,-29.0,-29.0,13.0
76306,Switzerland,2020-12-09,-27.0,-1.0,-30.0,-27.0,-17.0,10.0
76307,Switzerland,2020-12-10,-22.0,3.0,-16.0,-26.0,-17.0,9.0
76308,Switzerland,2020-12-11,-23.0,2.0,-23.0,-28.0,-16.0,11.0
76309,Switzerland,2020-12-12,-25.0,4.0,-35.0,-35.0,-9.0,10.0
76310,Switzerland,2020-12-13,-45.0,-40.0,0.0,-35.0,-21.0,8.0
76311,Switzerland,2020-12-14,-18.0,1.0,-10.0,-26.0,-17.0,9.0
76312,Switzerland,2020-12-15,-19.0,3.0,-17.0,-25.0,-18.0,10.0
76313,Switzerland,2020-12-16,-18.0,3.0,-12.0,-25.0,-17.0,10.0
76314,Switzerland,2020-12-17,-18.0,7.0,-12.0,-26.0,-17.0,10.0
76315,Switzerland,2020-12-18,-18.0,7.0,-4.0,-25.0,-17.0,10.0
76316,Switzerland,2020-12-19,-22.0,5.0,-14.0,-29.0,-8.0,8.0
76317,Switzerland,2020-12-20,-41.0,-31.0,-10.0,-40.0,-18.0,8.0
76318,Switzerland,2020-12-21,-3.0,15.0,-14.0,-31.0,-34.0,12.0
76319,Switzerland,2020-12-22,-15.0,22.0,11.0,-31.0,-37.0,13.0
76320,Switzerland,2020-12-23,-16.0,37.0,-4.0,-32.0,-40.0,13.0
76321,Switzerland,2020-12-24,-39.0,18.0,-28.0,-48.0,-64.0,18.0
76322,Switzerland,2020-12-25,-88.0,-90.0,-25.0,-68.0,-86.0,29.0
76323,Switzerland,2020-12-26,-71.0,-74.0,11.0,-45.0,-48.0,12.0
76324,Switzerland,2020-12-27,-65.0,-50.0,-4.0,-43.0,-29.0,8.0
76325,Switzerland,2020-12-28,-29.0,11.0,-11.0,-45.0,-62.0,20.0
76326,Switzerland,2020-12-29,-30.0,10.0,26.0,-41.0,-62.0,20.0
76327,Switzerland,2020-12-30,-32.0,24.0,17.0,-40.0,-61.0,19.0
76328,Switzerland,2020-12-31,-43.0,23.0,16.0,-46.0,-68.0,19.0
76329,Switzerland,2021-01-01,-87.0,-90.0,8.0,-66.0,-86.0,30.0
76330,Switzerland,2021-01-02,-62.0,-38.0,-17.0,-46.0,-37.0,14.0
76331,Switzerland,2021-01-03,-66.0,-53.0,-11.0,-44.0,-24.0,9.0
76332,Switzerland,2021-01-04,-36.0,3.0,-16.0,-37.0,-32.0,14.0
76333,Switzerland,2021-01-05,-38.0,0.0,-7.0,-37.0,-33.0,15.0
76334,Switzerland,2021-01-06,-44.0,-11.0,-21.0,-39.0,-34.0,16.0
76335,Switzerland,2021-01-07,-42.0,-4.0,-5.0,-36.0,-31.0,15.0
76336,Switzerland,2021-01-08,-43.0,-2.0,-5.0,-36.0,-30.0,16.0
76337,Switzerland,2021-01-09,-42.0,-2.0,-12.0,-37.0,-20.0,10.0
76338,Switzerland,2021-01-10,-61.0,-65.0,14.0,-38.0,-24.0,8.0
76339,Switzerland,2021-01-11,-37.0,-2.0,-13.0,-30.0,-19.0,11.0
76340,Switzerland,2021-01-12,-43.0,-8.0,-21.0,-30.0,-22.0,12.0
76341,Switzerland,2021-01-13,-42.0,-5.0,-29.0,-31.0,-22.0,12.0
76342,Switzerland,2021-01-14,-44.0,-10.0,-36.0,-32.0,-24.0,12.0
76343,Switzerland,2021-01-15,-44.0,-4.0,-29.0,-30.0,-26.0,14.0
76344,Switzerland,2021-01-16,-40.0,-1.0,-13.0,-33.0,-20.0,9.0
76345,Switzerland,2021-01-17,-70.0,-71.0,-29.0,-49.0,-28.0,9.0
76346,Switzerland,2021-01-18,-52.0,-10.0,-14.0,-33.0,-26.0,13.0
76347,Switzerland,2021-01-19,-51.0,-8.0,5.0,-33.0,-28.0,13.0
115551,Germany,2020-02-15,6.0,1.0,45.0,10.0,0.0,-1.0
115552,Germany,2020-02-16,7.0,10.0,9.0,6.0,-1.0,0.0
115553,Germany,2020-02-17,2.0,2.0,7.0,1.0,-2.0,0.0
115554,Germany,2020-02-18,2.0,2.0,10.0,1.0,-1.0,1.0
115555,Germany,2020-02-19,3.0,0.0,6.0,-1.0,-1.0,1.0
115556,Germany,2020-02-20,2.0,-1.0,14.0,3.0,-4.0,1.0
115557,Germany,2020-02-21,2.0,2.0,15.0,-1.0,-8.0,2.0
115558,Germany,2020-02-22,-1.0,-2.0,26.0,9.0,-3.0,0.0
115559,Germany,2020-02-23,0.0,9.0,-24.0,2.0,-3.0,0.0
115560,Germany,2020-02-24,2.0,-5.0,17.0,-5.0,-20.0,4.0
115561,Germany,2020-02-25,-1.0,-1.0,15.0,-5.0,-13.0,4.0
115562,Germany,2020-02-26,-3.0,0.0,0.0,-7.0,-5.0,2.0
115563,Germany,2020-02-27,-5.0,3.0,-3.0,-5.0,-4.0,2.0
115564,Germany,2020-02-28,3.0,11.0,9.0,-2.0,-5.0,2.0
115565,Germany,2020-02-29,-1.0,5.0,9.0,1.0,-1.0,1.0
115566,Germany,2020-03-01,8.0,18.0,21.0,4.0,1.0,0.0
115567,Germany,2020-03-02,2.0,8.0,9.0,-1.0,0.0,0.0
115568,Germany,2020-03-03,0.0,5.0,8.0,-3.0,0.0,1.0
115569,Germany,2020-03-04,2.0,2.0,14.0,-4.0,0.0,1.0
115570,Germany,2020-03-05,-4.0,0.0,0.0,-5.0,0.0,1.0
115571,Germany,2020-03-06,-3.0,1.0,-11.0,-7.0,-1.0,2.0
115572,Germany,2020-03-07,1.0,0.0,19.0,-2.0,0.0,1.0
115573,Germany,2020-03-08,12.0,19.0,31.0,2.0,1.0,0.0
115574,Germany,2020-03-09,-1.0,2.0,7.0,-5.0,-1.0,1.0
115575,Germany,2020-03-10,-7.0,-2.0,-13.0,-8.0,-1.0,3.0
115576,Germany,2020-03-11,-1.0,2.0,17.0,-7.0,-1.0,2.0
115577,Germany,2020-03-12,-7.0,6.0,4.0,-9.0,-2.0,2.0
115578,Germany,2020-03-13,-9.0,19.0,-3.0,-15.0,-4.0,4.0
115579,Germany,2020-03-14,-17.0,9.0,33.0,-19.0,-3.0,4.0
115580,Germany,2020-03-15,-12.0,13.0,75.0,-16.0,-5.0,2.0
115581,Germany,2020-03-16,-7.0,22.0,40.0,-25.0,-18.0,6.0
115582,Germany,2020-03-17,-21.0,11.0,31.0,-35.0,-25.0,10.0
115583,Germany,2020-03-18,-34.0,5.0,44.0,-39.0,-30.0,11.0
115584,Germany,2020-03-19,-45.0,-3.0,15.0,-46.0,-33.0,14.0
115585,Germany,2020-03-20,-50.0,-2.0,-14.0,-52.0,-36.0,16.0
115586,Germany,2020-03-21,-69.0,-24.0,-31.0,-59.0,-31.0,13.0
115587,Germany,2020-03-22,-71.0,-35.0,1.0,-58.0,-34.0,10.0
115588,Germany,2020-03-23,-57.0,-16.0,-5.0,-56.0,-41.0,16.0
115589,Germany,2020-03-24,-59.0,-18.0,9.0,-56.0,-43.0,18.0
115590,Germany,2020-03-25,-58.0,-18.0,11.0,-56.0,-43.0,18.0
115591,Germany,2020-03-26,-59.0,-16.0,3.0,-57.0,-44.0,18.0
115592,Germany,2020-03-27,-59.0,-14.0,21.0,-56.0,-44.0,19.0
115593,Germany,2020-03-28,-66.0,-21.0,33.0,-53.0,-33.0,12.0
115594,Germany,2020-03-29,-77.0,-51.0,-49.0,-68.0,-39.0,11.0
115595,Germany,2020-03-30,-54.0,-16.0,-13.0,-56.0,-43.0,17.0
115596,Germany,2020-03-31,-53.0,-12.0,7.0,-53.0,-43.0,17.0
115597,Germany,2020-04-01,-52.0,-13.0,20.0,-53.0,-43.0,17.0
115598,Germany,2020-04-02,-54.0,-11.0,6.0,-54.0,-43.0,17.0
115599,Germany,2020-04-03,-57.0,-11.0,-13.0,-57.0,-44.0,19.0
115600,Germany,2020-04-04,-63.0,-16.0,21.0,-52.0,-31.0,12.0
115601,Germany,2020-04-05,-58.0,-13.0,61.0,-47.0,-30.0,8.0
115602,Germany,2020-04-06,-43.0,-6.0,49.0,-49.0,-44.0,15.0
115603,Germany,2020-04-07,-44.0,-2.0,50.0,-50.0,-45.0,16.0
115604,Germany,2020-04-08,-42.0,10.0,57.0,-49.0,-45.0,15.0
115605,Germany,2020-04-09,-40.0,14.0,37.0,-49.0,-47.0,15.0
115606,Germany,2020-04-10,-80.0,-92.0,72.0,-69.0,-86.0,29.0
115607,Germany,2020-04-11,-56.0,0.0,35.0,-48.0,-29.0,10.0
115608,Germany,2020-04-12,-63.0,-23.0,59.0,-47.0,-26.0,6.0
115609,Germany,2020-04-13,-81.0,-93.0,29.0,-73.0,-88.0,28.0
115610,Germany,2020-04-14,-45.0,1.0,8.0,-52.0,-45.0,17.0
115611,Germany,2020-04-15,-45.0,-9.0,46.0,-49.0,-44.0,16.0
115612,Germany,2020-04-16,-53.0,-3.0,57.0,-48.0,-43.0,16.0
115613,Germany,2020-04-17,-55.0,-4.0,49.0,-49.0,-43.0,16.0
115614,Germany,2020-04-18,-65.0,-14.0,35.0,-46.0,-22.0,10.0
115615,Germany,2020-04-19,-59.0,-7.0,56.0,-44.0,-22.0,7.0
115616,Germany,2020-04-20,-44.0,-9.0,35.0,-44.0,-36.0,13.0
115617,Germany,2020-04-21,-47.0,-8.0,45.0,-44.0,-35.0,14.0
115618,Germany,2020-04-22,-46.0,-8.0,60.0,-43.0,-35.0,13.0
115619,Germany,2020-04-23,-47.0,-6.0,58.0,-42.0,-35.0,13.0
115620,Germany,2020-04-24,-50.0,-7.0,38.0,-46.0,-36.0,14.0
115621,Germany,2020-04-25,-57.0,-10.0,40.0,-41.0,-19.0,9.0
115622,Germany,2020-04-26,-52.0,3.0,78.0,-39.0,-18.0,6.0
115623,Germany,2020-04-27,-43.0,-13.0,57.0,-41.0,-33.0,12.0
115624,Germany,2020-04-28,-48.0,-10.0,19.0,-43.0,-33.0,13.0
115625,Germany,2020-04-29,-46.0,1.0,12.0,-43.0,-33.0,13.0
115626,Germany,2020-04-30,-34.0,19.0,-8.0,-39.0,-34.0,12.0
115627,Germany,2020-05-01,-82.0,-92.0,17.0,-67.0,-84.0,28.0
115628,Germany,2020-05-02,-46.0,3.0,-18.0,-42.0,-20.0,9.0
115629,Germany,2020-05-03,-57.0,4.0,43.0,-37.0,-18.0,6.0
115630,Germany,2020-05-04,-32.0,-5.0,-1.0,-38.0,-30.0,11.0
115631,Germany,2020-05-05,-36.0,-6.0,21.0,-37.0,-29.0,12.0
115632,Germany,2020-05-06,-33.0,-5.0,49.0,-35.0,-28.0,11.0
115633,Germany,2020-05-07,-33.0,-3.0,47.0,-35.0,-28.0,11.0
115634,Germany,2020-05-08,-36.0,-5.0,60.0,-37.0,-31.0,11.0
115635,Germany,2020-05-09,-40.0,-1.0,61.0,-28.0,-8.0,5.0
115636,Germany,2020-05-10,-50.0,9.0,29.0,-33.0,-3.0,4.0
115637,Germany,2020-05-11,-34.0,-12.0,-23.0,-41.0,-28.0,11.0
115638,Germany,2020-05-12,-31.0,-4.0,14.0,-35.0,-26.0,11.0
115639,Germany,2020-05-13,-31.0,-7.0,13.0,-36.0,-26.0,11.0
115640,Germany,2020-05-14,-29.0,-4.0,20.0,-35.0,-26.0,10.0
115641,Germany,2020-05-15,-29.0,-3.0,29.0,-35.0,-26.0,10.0
115642,Germany,2020-05-16,-35.0,-6.0,53.0,-28.0,-5.0,5.0
115643,Germany,2020-05-17,-36.0,16.0,92.0,-25.0,-1.0,3.0
115644,Germany,2020-05-18,-15.0,-3.0,55.0,-30.0,-26.0,8.0
115645,Germany,2020-05-19,-17.0,2.0,63.0,-30.0,-25.0,9.0
115646,Germany,2020-05-20,-6.0,34.0,84.0,-25.0,-26.0,6.0
115647,Germany,2020-05-21,-55.0,-87.0,225.0,-46.0,-81.0,18.0
115648,Germany,2020-05-22,-19.0,1.0,68.0,-40.0,-51.0,14.0
115649,Germany,2020-05-23,-35.0,-9.0,27.0,-35.0,-8.0,7.0
115650,Germany,2020-05-24,-42.0,3.0,37.0,-31.0,-4.0,3.0
115651,Germany,2020-05-25,-16.0,-2.0,33.0,-31.0,-27.0,8.0
115652,Germany,2020-05-26,-18.0,-4.0,73.0,-28.0,-23.0,8.0
115653,Germany,2020-05-27,-15.0,-3.0,86.0,-27.0,-23.0,7.0
115654,Germany,2020-05-28,-16.0,2.0,65.0,-27.0,-24.0,8.0
115655,Germany,2020-05-29,-15.0,6.0,84.0,-25.0,-25.0,7.0
115656,Germany,2020-05-30,-23.0,4.0,99.0,-17.0,5.0,2.0
115657,Germany,2020-05-31,-19.0,32.0,143.0,-13.0,8.0,0.0
115658,Germany,2020-06-01,-45.0,-86.0,264.0,-42.0,-80.0,16.0
115659,Germany,2020-06-02,-6.0,15.0,109.0,-22.0,-26.0,6.0
115660,Germany,2020-06-03,-11.0,1.0,91.0,-24.0,-25.0,7.0
115661,Germany,2020-06-04,-20.0,-2.0,12.0,-31.0,-26.0,9.0
115662,Germany,2020-06-05,-20.0,-2.0,21.0,-32.0,-26.0,9.0
115663,Germany,2020-06-06,-25.0,-5.0,44.0,-24.0,1.0,4.0
115664,Germany,2020-06-07,-31.0,11.0,51.0,-27.0,3.0,3.0
115665,Germany,2020-06-08,-8.0,-4.0,67.0,-26.0,-25.0,7.0
115666,Germany,2020-06-09,-12.0,-2.0,59.0,-27.0,-25.0,8.0
115667,Germany,2020-06-10,-5.0,16.0,70.0,-24.0,-25.0,6.0
115668,Germany,2020-06-11,-36.0,-54.0,112.0,-40.0,-59.0,16.0
115669,Germany,2020-06-12,-8.0,3.0,147.0,-25.0,-37.0,7.0
115670,Germany,2020-06-13,-26.0,-9.0,97.0,-21.0,4.0,2.0
115671,Germany,2020-06-14,-33.0,8.0,34.0,-26.0,5.0,2.0
115672,Germany,2020-06-15,-10.0,-2.0,63.0,-24.0,-23.0,6.0
115673,Germany,2020-06-16,-11.0,0.0,75.0,-22.0,-21.0,6.0
115674,Germany,2020-06-17,-10.0,-3.0,80.0,-22.0,-21.0,6.0
115675,Germany,2020-06-18,-12.0,-2.0,67.0,-23.0,-22.0,6.0
115676,Germany,2020-06-19,-13.0,-1.0,63.0,-23.0,-23.0,6.0
115677,Germany,2020-06-20,-20.0,-5.0,85.0,-18.0,7.0,2.0
115678,Germany,2020-06-21,-8.0,33.0,123.0,-11.0,15.0,-1.0
115679,Germany,2020-06-22,-6.0,-2.0,96.0,-21.0,-23.0,5.0
115680,Germany,2020-06-23,-6.0,-1.0,129.0,-19.0,-22.0,5.0
115681,Germany,2020-06-24,-6.0,-1.0,130.0,-19.0,-20.0,5.0
115682,Germany,2020-06-25,-11.0,-1.0,106.0,-21.0,-22.0,5.0
115683,Germany,2020-06-26,-14.0,-2.0,114.0,-21.0,-23.0,5.0
115684,Germany,2020-06-27,-23.0,-6.0,110.0,-16.0,3.0,1.0
115685,Germany,2020-06-28,-18.0,23.0,72.0,-18.0,10.0,0.0
115686,Germany,2020-06-29,-3.0,1.0,74.0,-22.0,-23.0,5.0
115687,Germany,2020-06-30,0.0,3.0,92.0,-20.0,-22.0,6.0
115688,Germany,2020-07-01,-2.0,-1.0,85.0,-21.0,-22.0,5.0
115689,Germany,2020-07-02,-6.0,0.0,69.0,-21.0,-23.0,6.0
115690,Germany,2020-07-03,-5.0,1.0,99.0,-20.0,-23.0,5.0
115691,Germany,2020-07-04,-16.0,-5.0,109.0,-12.0,3.0,0.0
115692,Germany,2020-07-05,-9.0,27.0,95.0,-12.0,7.0,0.0
115693,Germany,2020-07-06,-2.0,-1.0,73.0,-22.0,-26.0,5.0
115694,Germany,2020-07-07,-2.0,-1.0,106.0,-20.0,-25.0,6.0
115695,Germany,2020-07-08,-4.0,-3.0,80.0,-23.0,-25.0,6.0
115696,Germany,2020-07-09,-8.0,-3.0,74.0,-23.0,-26.0,6.0
115697,Germany,2020-07-10,-11.0,-2.0,74.0,-23.0,-26.0,6.0
115698,Germany,2020-07-11,-15.0,-6.0,112.0,-11.0,3.0,0.0
115699,Germany,2020-07-12,3.0,42.0,142.0,-4.0,10.0,-2.0
115700,Germany,2020-07-13,0.0,-2.0,132.0,-20.0,-26.0,4.0
115701,Germany,2020-07-14,-3.0,-2.0,116.0,-21.0,-26.0,6.0
115702,Germany,2020-07-15,-2.0,-1.0,78.0,-23.0,-26.0,6.0
115703,Germany,2020-07-16,-7.0,-2.0,63.0,-24.0,-27.0,6.0
115704,Germany,2020-07-17,-6.0,-2.0,108.0,-21.0,-28.0,5.0
115705,Germany,2020-07-18,-16.0,-7.0,150.0,-6.0,2.0,-1.0
115706,Germany,2020-07-19,3.0,40.0,152.0,-3.0,9.0,-3.0
115707,Germany,2020-07-20,0.0,-1.0,130.0,-22.0,-31.0,5.0
115708,Germany,2020-07-21,0.0,-2.0,153.0,-21.0,-30.0,5.0
115709,Germany,2020-07-22,2.0,-3.0,156.0,-21.0,-28.0,5.0
115710,Germany,2020-07-23,-3.0,-3.0,143.0,-21.0,-29.0,5.0
115711,Germany,2020-07-24,-8.0,-3.0,123.0,-22.0,-30.0,5.0
115712,Germany,2020-07-25,-17.0,-8.0,148.0,-8.0,-1.0,-1.0
115713,Germany,2020-07-26,-7.0,30.0,92.0,-10.0,2.0,0.0
115714,Germany,2020-07-27,1.0,-1.0,138.0,-22.0,-33.0,5.0
115715,Germany,2020-07-28,-1.0,-2.0,150.0,-22.0,-32.0,6.0
115716,Germany,2020-07-29,5.0,-1.0,159.0,-20.0,-32.0,5.0
115717,Germany,2020-07-30,1.0,0.0,154.0,-21.0,-33.0,5.0
115718,Germany,2020-07-31,-6.0,-1.0,161.0,-20.0,-34.0,4.0
115719,Germany,2020-08-01,-19.0,-8.0,156.0,-6.0,-4.0,-2.0
115720,Germany,2020-08-02,-5.0,35.0,89.0,-7.0,1.0,-1.0
115721,Germany,2020-08-03,6.0,2.0,114.0,-21.0,-35.0,5.0
115722,Germany,2020-08-04,5.0,0.0,143.0,-20.0,-34.0,6.0
115723,Germany,2020-08-05,6.0,-2.0,180.0,-19.0,-33.0,4.0
115724,Germany,2020-08-06,-2.0,-2.0,163.0,-21.0,-33.0,5.0
115725,Germany,2020-08-07,-10.0,-4.0,156.0,-22.0,-34.0,4.0
115726,Germany,2020-08-08,-23.0,-10.0,163.0,-10.0,-5.0,-1.0
115727,Germany,2020-08-09,-9.0,28.0,127.0,-7.0,3.0,-2.0
115728,Germany,2020-08-10,-1.0,0.0,137.0,-22.0,-34.0,5.0
115729,Germany,2020-08-11,-3.0,-2.0,148.0,-22.0,-33.0,6.0
115730,Germany,2020-08-12,-1.0,-2.0,154.0,-20.0,-32.0,5.0
115731,Germany,2020-08-13,-5.0,-2.0,115.0,-21.0,-32.0,5.0
115732,Germany,2020-08-14,-6.0,0.0,107.0,-20.0,-32.0,5.0
115733,Germany,2020-08-15,-20.0,-17.0,132.0,-10.0,-8.0,0.0
115734,Germany,2020-08-16,1.0,34.0,139.0,-4.0,4.0,-2.0
115735,Germany,2020-08-17,-1.0,0.0,100.0,-19.0,-32.0,4.0
115736,Germany,2020-08-18,-1.0,-2.0,112.0,-19.0,-28.0,5.0
115737,Germany,2020-08-19,2.0,-3.0,147.0,-17.0,-28.0,4.0
115738,Germany,2020-08-20,-6.0,-6.0,128.0,-20.0,-29.0,4.0
115739,Germany,2020-08-21,-12.0,-7.0,127.0,-20.0,-30.0,4.0
115740,Germany,2020-08-22,-17.0,-8.0,107.0,-13.0,-5.0,0.0
115741,Germany,2020-08-23,-2.0,32.0,105.0,-6.0,3.0,-1.0
115742,Germany,2020-08-24,-3.0,-3.0,92.0,-20.0,-28.0,4.0
115743,Germany,2020-08-25,-3.0,-3.0,113.0,-19.0,-26.0,5.0
115744,Germany,2020-08-26,-7.0,-6.0,70.0,-22.0,-26.0,6.0
115745,Germany,2020-08-27,-3.0,-3.0,104.0,-17.0,-24.0,4.0
115746,Germany,2020-08-28,-6.0,-2.0,84.0,-18.0,-26.0,4.0
115747,Germany,2020-08-29,-12.0,-7.0,105.0,-8.0,-4.0,0.0
115748,Germany,2020-08-30,-9.0,23.0,65.0,-12.0,-1.0,0.0
115749,Germany,2020-08-31,2.0,2.0,74.0,-15.0,-24.0,3.0
115750,Germany,2020-09-01,0.0,0.0,90.0,-14.0,-23.0,4.0
115751,Germany,2020-09-02,3.0,-2.0,106.0,-14.0,-22.0,3.0
115752,Germany,2020-09-03,-5.0,-3.0,81.0,-17.0,-23.0,3.0
115753,Germany,2020-09-04,-4.0,-3.0,104.0,-14.0,-23.0,3.0
115754,Germany,2020-09-05,-10.0,-7.0,103.0,-9.0,-7.0,0.0
115755,Germany,2020-09-06,5.0,40.0,110.0,-4.0,0.0,-2.0
115756,Germany,2020-09-07,2.0,-1.0,100.0,-14.0,-23.0,3.0
115757,Germany,2020-09-08,0.0,-2.0,112.0,-12.0,-21.0,3.0
115758,Germany,2020-09-09,1.0,-4.0,112.0,-13.0,-20.0,3.0
115759,Germany,2020-09-10,-2.0,-2.0,102.0,-13.0,-20.0,2.0
115760,Germany,2020-09-11,-2.0,-2.0,121.0,-11.0,-21.0,2.0
115761,Germany,2020-09-12,-8.0,-6.0,149.0,-3.0,-3.0,-2.0
115762,Germany,2020-09-13,15.0,49.0,152.0,4.0,3.0,-4.0
115763,Germany,2020-09-14,0.0,-2.0,125.0,-12.0,-17.0,1.0
115764,Germany,2020-09-15,-1.0,-2.0,142.0,-10.0,-16.0,2.0
115765,Germany,2020-09-16,0.0,-3.0,131.0,-11.0,-16.0,2.0
115766,Germany,2020-09-17,-4.0,-2.0,103.0,-12.0,-17.0,2.0
115767,Germany,2020-09-18,-4.0,-2.0,113.0,-11.0,-18.0,2.0
115768,Germany,2020-09-19,-9.0,-7.0,141.0,-4.0,-4.0,-1.0
115769,Germany,2020-09-20,14.0,45.0,149.0,2.0,2.0,-3.0
115770,Germany,2020-09-21,-2.0,-2.0,111.0,-12.0,-18.0,2.0
115771,Germany,2020-09-22,-4.0,-2.0,122.0,-11.0,-16.0,3.0
115772,Germany,2020-09-23,-5.0,-2.0,98.0,-12.0,-15.0,3.0
115773,Germany,2020-09-24,-10.0,-2.0,70.0,-14.0,-15.0,3.0
115774,Germany,2020-09-25,-12.0,-1.0,42.0,-16.0,-17.0,4.0
115775,Germany,2020-09-26,-19.0,-7.0,15.0,-21.0,-8.0,3.0
115776,Germany,2020-09-27,-14.0,18.0,44.0,-15.0,-3.0,1.0
115777,Germany,2020-09-28,-7.0,1.0,48.0,-15.0,-15.0,3.0
115778,Germany,2020-09-29,-8.0,1.0,50.0,-24.0,-15.0,5.0
115779,Germany,2020-09-30,0.0,6.0,77.0,-10.0,-13.0,3.0
115780,Germany,2020-10-01,-6.0,7.0,52.0,-12.0,-12.0,3.0
115781,Germany,2020-10-02,0.0,29.0,60.0,-10.0,-14.0,2.0
115782,Germany,2020-10-03,-51.0,-87.0,78.0,-22.0,-36.0,6.0
115783,Germany,2020-10-04,0.0,50.0,80.0,-5.0,-1.0,0.0
115784,Germany,2020-10-05,-3.0,10.0,40.0,-13.0,-17.0,3.0
115785,Germany,2020-10-06,-7.0,4.0,42.0,-14.0,-17.0,5.0
115786,Germany,2020-10-07,-6.0,1.0,43.0,-16.0,-16.0,4.0
115787,Germany,2020-10-08,-11.0,0.0,32.0,-21.0,-17.0,4.0
115788,Germany,2020-10-09,-10.0,1.0,45.0,-19.0,-17.0,4.0
115789,Germany,2020-10-10,-13.0,-6.0,48.0,-15.0,-4.0,2.0
115790,Germany,2020-10-11,-14.0,26.0,55.0,-16.0,-3.0,1.0
115791,Germany,2020-10-12,-6.0,-1.0,49.0,-21.0,-24.0,5.0
115792,Germany,2020-10-13,-6.0,-1.0,71.0,-20.0,-23.0,6.0
115793,Germany,2020-10-14,-8.0,-3.0,35.0,-23.0,-23.0,6.0
115794,Germany,2020-10-15,-11.0,2.0,28.0,-25.0,-24.0,7.0
115795,Germany,2020-10-16,-12.0,1.0,31.0,-23.0,-25.0,7.0
115796,Germany,2020-10-17,-18.0,-5.0,46.0,-18.0,-7.0,3.0
115797,Germany,2020-10-18,-19.0,19.0,49.0,-20.0,-6.0,2.0
115798,Germany,2020-10-19,-7.0,1.0,52.0,-24.0,-24.0,6.0
115799,Germany,2020-10-20,-11.0,-1.0,49.0,-26.0,-24.0,7.0
115800,Germany,2020-10-21,-8.0,-2.0,56.0,-23.0,-22.0,6.0
115801,Germany,2020-10-22,-11.0,-1.0,67.0,-22.0,-22.0,6.0
115802,Germany,2020-10-23,-16.0,0.0,25.0,-26.0,-24.0,8.0
115803,Germany,2020-10-24,-21.0,-5.0,51.0,-21.0,-5.0,4.0
115804,Germany,2020-10-25,-18.0,20.0,64.0,-20.0,-4.0,2.0
115805,Germany,2020-10-26,-15.0,-1.0,12.0,-23.0,-17.0,6.0
115806,Germany,2020-10-27,-14.0,0.0,35.0,-20.0,-16.0,7.0
115807,Germany,2020-10-28,-11.0,0.0,33.0,-21.0,-15.0,6.0
115808,Germany,2020-10-29,-13.0,4.0,7.0,-24.0,-16.0,7.0
115809,Germany,2020-10-30,-10.0,12.0,3.0,-24.0,-17.0,7.0
115810,Germany,2020-10-31,-30.0,-30.0,52.0,-24.0,-12.0,5.0
115811,Germany,2020-11-01,-27.0,-1.0,4.0,-28.0,-6.0,4.0
115812,Germany,2020-11-02,-24.0,-1.0,23.0,-24.0,-18.0,7.0
115813,Germany,2020-11-03,-27.0,-1.0,19.0,-26.0,-18.0,9.0
115814,Germany,2020-11-04,-27.0,-2.0,22.0,-27.0,-18.0,9.0
115815,Germany,2020-11-05,-29.0,0.0,15.0,-28.0,-18.0,9.0
115816,Germany,2020-11-06,-30.0,1.0,13.0,-31.0,-19.0,10.0
115817,Germany,2020-11-07,-34.0,-5.0,45.0,-33.0,-13.0,7.0
115818,Germany,2020-11-08,-48.0,-3.0,61.0,-33.0,-17.0,5.0
115819,Germany,2020-11-09,-24.0,-2.0,11.0,-27.0,-16.0,8.0
115820,Germany,2020-11-10,-27.0,-1.0,11.0,-26.0,-16.0,9.0
115821,Germany,2020-11-11,-26.0,-2.0,9.0,-27.0,-16.0,9.0
115822,Germany,2020-11-12,-30.0,-1.0,3.0,-28.0,-16.0,9.0
115823,Germany,2020-11-13,-28.0,3.0,11.0,-28.0,-17.0,10.0
115824,Germany,2020-11-14,-32.0,-3.0,38.0,-32.0,-13.0,7.0
115825,Germany,2020-11-15,-48.0,-3.0,62.0,-32.0,-17.0,5.0
115826,Germany,2020-11-16,-25.0,-3.0,-3.0,-28.0,-16.0,8.0
115827,Germany,2020-11-17,-28.0,-1.0,3.0,-27.0,-16.0,9.0
115828,Germany,2020-11-18,-27.0,-7.0,41.0,-28.0,-20.0,9.0
115829,Germany,2020-11-19,-32.0,-2.0,-13.0,-30.0,-17.0,9.0
115830,Germany,2020-11-20,-30.0,1.0,-3.0,-31.0,-17.0,10.0
115831,Germany,2020-11-21,-35.0,-4.0,0.0,-39.0,-14.0,8.0
115832,Germany,2020-11-22,-57.0,-16.0,5.0,-41.0,-20.0,7.0
115833,Germany,2020-11-23,-24.0,-4.0,1.0,-29.0,-16.0,8.0
115834,Germany,2020-11-24,-26.0,-2.0,5.0,-28.0,-16.0,9.0
115835,Germany,2020-11-25,-25.0,-2.0,8.0,-28.0,-15.0,9.0
115836,Germany,2020-11-26,-27.0,0.0,-5.0,-29.0,-16.0,9.0
115837,Germany,2020-11-27,-20.0,7.0,1.0,-29.0,-17.0,9.0
115838,Germany,2020-11-28,-30.0,0.0,0.0,-37.0,-12.0,7.0
115839,Germany,2020-11-29,-57.0,-14.0,4.0,-42.0,-19.0,6.0
115840,Germany,2020-11-30,-17.0,4.0,-6.0,-27.0,-16.0,7.0
115841,Germany,2020-12-01,-26.0,0.0,-10.0,-26.0,-16.0,9.0
115842,Germany,2020-12-02,-24.0,2.0,-4.0,-27.0,-14.0,9.0
115843,Germany,2020-12-03,-27.0,3.0,-13.0,-29.0,-14.0,9.0
115844,Germany,2020-12-04,-27.0,6.0,-10.0,-30.0,-15.0,10.0
115845,Germany,2020-12-05,-31.0,3.0,-1.0,-35.0,-11.0,8.0
115846,Germany,2020-12-06,-57.0,-9.0,-12.0,-42.0,-16.0,6.0
115847,Germany,2020-12-07,-23.0,-3.0,-10.0,-28.0,-16.0,8.0
115848,Germany,2020-12-08,-24.0,1.0,4.0,-27.0,-14.0,9.0
115849,Germany,2020-12-09,-25.0,-1.0,-7.0,-30.0,-15.0,9.0
115850,Germany,2020-12-10,-27.0,2.0,-11.0,-30.0,-16.0,9.0
115851,Germany,2020-12-11,-26.0,5.0,-15.0,-32.0,-17.0,10.0
115852,Germany,2020-12-12,-31.0,0.0,-15.0,-37.0,-12.0,8.0
115853,Germany,2020-12-13,-60.0,-17.0,-8.0,-44.0,-19.0,7.0
115854,Germany,2020-12-14,-2.0,13.0,-2.0,-29.0,-20.0,8.0
115855,Germany,2020-12-15,-6.0,14.0,-6.0,-28.0,-21.0,9.0
115856,Germany,2020-12-16,-52.0,-4.0,4.0,-42.0,-29.0,13.0
115857,Germany,2020-12-17,-53.0,-2.0,-10.0,-44.0,-31.0,14.0
115858,Germany,2020-12-18,-54.0,-2.0,0.0,-45.0,-32.0,15.0
115859,Germany,2020-12-19,-63.0,-11.0,9.0,-43.0,-21.0,10.0
115860,Germany,2020-12-20,-63.0,-23.0,-6.0,-47.0,-22.0,8.0
115861,Germany,2020-12-21,-46.0,12.0,-11.0,-48.0,-44.0,15.0
115862,Germany,2020-12-22,-47.0,18.0,-11.0,-48.0,-47.0,16.0
115863,Germany,2020-12-23,-47.0,25.0,-20.0,-50.0,-53.0,18.0
115864,Germany,2020-12-24,-74.0,-40.0,-32.0,-67.0,-79.0,23.0
115865,Germany,2020-12-25,-87.0,-94.0,-8.0,-74.0,-87.0,25.0
115866,Germany,2020-12-26,-86.0,-94.0,-8.0,-61.0,-53.0,12.0
115867,Germany,2020-12-27,-69.0,-37.0,-27.0,-53.0,-28.0,8.0
115868,Germany,2020-12-28,-53.0,-2.0,4.0,-56.0,-64.0,20.0
115869,Germany,2020-12-29,-54.0,2.0,11.0,-56.0,-64.0,21.0
115870,Germany,2020-12-30,-48.0,23.0,16.0,-53.0,-63.0,19.0
115871,Germany,2020-12-31,-69.0,-27.0,-2.0,-64.0,-78.0,24.0
115872,Germany,2021-01-01,-87.0,-94.0,-2.0,-75.0,-88.0,28.0
115873,Germany,2021-01-02,-69.0,-20.0,-3.0,-53.0,-31.0,12.0
115874,Germany,2021-01-03,-66.0,-34.0,-2.0,-49.0,-22.0,8.0
115875,Germany,2021-01-04,-55.0,-8.0,-17.0,-50.0,-42.0,16.0
115876,Germany,2021-01-05,-56.0,-5.0,-11.0,-50.0,-42.0,17.0
115877,Germany,2021-01-06,-64.0,-36.0,-4.0,-54.0,-51.0,19.0
115878,Germany,2021-01-07,-58.0,-10.0,-18.0,-50.0,-38.0,16.0
115879,Germany,2021-01-08,-60.0,-12.0,-21.0,-52.0,-37.0,17.0
115880,Germany,2021-01-09,-67.0,-15.0,-3.0,-50.0,-23.0,11.0
115881,Germany,2021-01-10,-61.0,-22.0,25.0,-45.0,-17.0,7.0
115882,Germany,2021-01-11,-55.0,-11.0,-16.0,-46.0,-29.0,13.0
115883,Germany,2021-01-12,-59.0,-15.0,-20.0,-47.0,-30.0,15.0
115884,Germany,2021-01-13,-57.0,-13.0,-14.0,-47.0,-30.0,13.0
115885,Germany,2021-01-14,-59.0,-14.0,-17.0,-47.0,-31.0,13.0
115886,Germany,2021-01-15,-59.0,-12.0,-19.0,-49.0,-33.0,14.0
115887,Germany,2021-01-16,-67.0,-16.0,-7.0,-52.0,-24.0,11.0
115888,Germany,2021-01-17,-65.0,-26.0,11.0,-50.0,-21.0,7.0
115889,Germany,2021-01-18,-56.0,-15.0,-19.0,-47.0,-32.0,12.0
115890,Germany,2021-01-19,-60.0,-17.0,-28.0,-49.0,-32.0,14.0
205173,France,2020-02-15,-2.0,-1.0,23.0,12.0,-2.0,-1.0
205174,France,2020-02-16,6.0,2.0,9.0,7.0,-1.0,-1.0
205175,France,2020-02-17,1.0,2.0,16.0,-6.0,-15.0,4.0
205176,France,2020-02-18,5.0,2.0,36.0,-4.0,-14.0,3.0
205177,France,2020-02-19,-4.0,-3.0,18.0,-6.0,-12.0,2.0
205178,France,2020-02-20,-2.0,-1.0,29.0,-4.0,-15.0,3.0
205179,France,2020-02-21,-1.0,-2.0,28.0,0.0,-15.0,3.0
205180,France,2020-02-22,-6.0,-2.0,31.0,14.0,-5.0,-1.0
205181,France,2020-02-23,8.0,7.0,30.0,12.0,-1.0,-1.0
205182,France,2020-02-24,3.0,3.0,45.0,-1.0,-15.0,3.0
205183,France,2020-02-25,1.0,1.0,23.0,-3.0,-14.0,4.0
205184,France,2020-02-26,-5.0,-2.0,9.0,-5.0,-12.0,3.0
205185,France,2020-02-27,-5.0,-1.0,1.0,-5.0,-15.0,4.0
205186,France,2020-02-28,-1.0,1.0,15.0,0.0,-15.0,4.0
205187,France,2020-02-29,-7.0,1.0,-12.0,4.0,-5.0,1.0
205188,France,2020-03-01,1.0,4.0,-13.0,2.0,1.0,0.0
205189,France,2020-03-02,-6.0,3.0,-9.0,-4.0,-5.0,3.0
205190,France,2020-03-03,-1.0,5.0,8.0,-4.0,-4.0,2.0
205191,France,2020-03-04,-6.0,2.0,1.0,-6.0,-3.0,2.0
205192,France,2020-03-05,-8.0,0.0,-15.0,-6.0,-5.0,3.0
205193,France,2020-03-06,-2.0,2.0,-1.0,-1.0,-4.0,3.0
205194,France,2020-03-07,-4.0,1.0,7.0,1.0,0.0,1.0
205195,France,2020-03-08,0.0,2.0,-1.0,-2.0,-1.0,1.0
205196,France,2020-03-09,-5.0,2.0,2.0,-5.0,-1.0,2.0
205197,France,2020-03-10,-5.0,1.0,1.0,-6.0,-1.0,2.0
205198,France,2020-03-11,-6.0,2.0,17.0,-5.0,0.0,1.0
205199,France,2020-03-12,-8.0,5.0,5.0,-7.0,-1.0,1.0
205200,France,2020-03-13,-8.0,17.0,4.0,-8.0,-2.0,3.0
205201,France,2020-03-14,-21.0,1.0,-1.0,-16.0,-5.0,5.0
205202,France,2020-03-15,-38.0,23.0,15.0,-21.0,-9.0,3.0
205203,France,2020-03-16,-43.0,46.0,-15.0,-39.0,-36.0,13.0
205204,France,2020-03-17,-68.0,-15.0,-40.0,-61.0,-55.0,24.0
205205,France,2020-03-18,-83.0,-45.0,-53.0,-76.0,-67.0,29.0
205206,France,2020-03-19,-82.0,-41.0,-56.0,-78.0,-71.0,32.0
205207,France,2020-03-20,-83.0,-42.0,-66.0,-80.0,-71.0,36.0
205208,France,2020-03-21,-88.0,-54.0,-78.0,-82.0,-58.0,24.0
205209,France,2020-03-22,-86.0,-64.0,-80.0,-84.0,-55.0,18.0
205210,France,2020-03-23,-81.0,-41.0,-64.0,-82.0,-73.0,32.0
205211,France,2020-03-24,-83.0,-45.0,-65.0,-82.0,-74.0,34.0
205212,France,2020-03-25,-84.0,-48.0,-67.0,-83.0,-73.0,32.0
205213,France,2020-03-26,-84.0,-46.0,-67.0,-83.0,-74.0,34.0
205214,France,2020-03-27,-84.0,-46.0,-68.0,-84.0,-73.0,37.0
205215,France,2020-03-28,-87.0,-56.0,-76.0,-83.0,-59.0,25.0
205216,France,2020-03-29,-88.0,-72.0,-82.0,-87.0,-56.0,18.0
205217,France,2020-03-30,-84.0,-47.0,-66.0,-83.0,-74.0,33.0
205218,France,2020-03-31,-90.0,-38.0,-61.0,-82.0,-74.0,33.0
205219,France,2020-04-01,-90.0,-39.0,-62.0,-81.0,-71.0,31.0
205220,France,2020-04-02,-90.0,-36.0,-62.0,-82.0,-73.0,33.0
205221,France,2020-04-03,-86.0,-38.0,-66.0,-82.0,-72.0,37.0
205222,France,2020-04-04,-88.0,-45.0,-73.0,-80.0,-57.0,24.0
205223,France,2020-04-05,-85.0,-62.0,-73.0,-82.0,-53.0,17.0
205224,France,2020-04-06,-83.0,-37.0,-61.0,-81.0,-72.0,31.0
205225,France,2020-04-07,-82.0,-35.0,-61.0,-80.0,-72.0,32.0
205226,France,2020-04-08,-84.0,-37.0,-63.0,-80.0,-70.0,30.0
205227,France,2020-04-09,-83.0,-32.0,-61.0,-80.0,-71.0,32.0
205228,France,2020-04-10,-83.0,-34.0,-64.0,-81.0,-71.0,36.0
205229,France,2020-04-11,-86.0,-39.0,-74.0,-79.0,-55.0,23.0
205230,France,2020-04-12,-83.0,-58.0,-76.0,-82.0,-50.0,17.0
205231,France,2020-04-13,-91.0,-80.0,-68.0,-88.0,-89.0,38.0
205232,France,2020-04-14,-79.0,-22.0,-59.0,-78.0,-70.0,31.0
205233,France,2020-04-15,-82.0,-32.0,-59.0,-78.0,-68.0,29.0
205234,France,2020-04-16,-81.0,-31.0,-58.0,-78.0,-69.0,31.0
205235,France,2020-04-17,-81.0,-33.0,-62.0,-79.0,-68.0,35.0
205236,France,2020-04-18,-86.0,-46.0,-73.0,-78.0,-52.0,23.0
205237,France,2020-04-19,-85.0,-65.0,-77.0,-81.0,-49.0,17.0
205238,France,2020-04-20,-79.0,-40.0,-61.0,-78.0,-68.0,30.0
205239,France,2020-04-21,-79.0,-37.0,-59.0,-77.0,-68.0,31.0
205240,France,2020-04-22,-81.0,-38.0,-58.0,-76.0,-65.0,28.0
205241,France,2020-04-23,-79.0,-34.0,-55.0,-76.0,-67.0,30.0
205242,France,2020-04-24,-79.0,-35.0,-58.0,-77.0,-66.0,33.0
205243,France,2020-04-25,-84.0,-43.0,-70.0,-76.0,-49.0,22.0
205244,France,2020-04-26,-83.0,-58.0,-68.0,-77.0,-43.0,16.0
205245,France,2020-04-27,-76.0,-36.0,-56.0,-76.0,-65.0,28.0
205246,France,2020-04-28,-77.0,-34.0,-60.0,-76.0,-65.0,28.0
205247,France,2020-04-29,-77.0,-32.0,-59.0,-75.0,-62.0,27.0
205248,France,2020-04-30,-73.0,-16.0,-61.0,-75.0,-64.0,28.0
205249,France,2020-05-01,-91.0,-87.0,-71.0,-87.0,-88.0,42.0
205250,France,2020-05-02,-78.0,-26.0,-72.0,-73.0,-46.0,21.0
205251,France,2020-05-03,-81.0,-56.0,-67.0,-76.0,-39.0,16.0
205252,France,2020-05-04,-70.0,-24.0,-49.0,-72.0,-60.0,26.0
205253,France,2020-05-05,-70.0,-23.0,-52.0,-71.0,-60.0,27.0
205254,France,2020-05-06,-72.0,-23.0,-49.0,-69.0,-57.0,24.0
205255,France,2020-05-07,-69.0,-12.0,-48.0,-70.0,-58.0,25.0
205256,France,2020-05-08,-83.0,-58.0,-57.0,-80.0,-82.0,38.0
205257,France,2020-05-09,-76.0,-27.0,-66.0,-70.0,-39.0,19.0
205258,France,2020-05-10,-79.0,-50.0,-72.0,-74.0,-33.0,15.0
205259,France,2020-05-11,-46.0,-10.0,-34.0,-56.0,-48.0,19.0
205260,France,2020-05-12,-45.0,-5.0,-15.0,-51.0,-47.0,18.0
205261,France,2020-05-13,-51.0,-10.0,-31.0,-53.0,-45.0,17.0
205262,France,2020-05-14,-49.0,-7.0,-23.0,-53.0,-46.0,17.0
205263,France,2020-05-15,-48.0,-8.0,-17.0,-52.0,-45.0,19.0
205264,France,2020-05-16,-51.0,-12.0,-13.0,-43.0,-20.0,9.0
205265,France,2020-05-17,-55.0,-17.0,8.0,-48.0,-10.0,5.0
205266,France,2020-05-18,-39.0,-6.0,8.0,-48.0,-44.0,16.0
205267,France,2020-05-19,-40.0,-2.0,11.0,-47.0,-43.0,16.0
205268,France,2020-05-20,-36.0,9.0,20.0,-45.0,-42.0,12.0
205269,France,2020-05-21,-56.0,-36.0,66.0,-61.0,-78.0,22.0
205270,France,2020-05-22,-39.0,1.0,12.0,-54.0,-57.0,20.0
205271,France,2020-05-23,-48.0,-14.0,-17.0,-47.0,-17.0,10.0
205272,France,2020-05-24,-49.0,-17.0,21.0,-43.0,-3.0,3.0
205273,France,2020-05-25,-34.0,-8.0,17.0,-46.0,-42.0,15.0
205274,France,2020-05-26,-35.0,-4.0,22.0,-44.0,-39.0,15.0
205275,France,2020-05-27,-38.0,-4.0,21.0,-43.0,-37.0,13.0
205276,France,2020-05-28,-38.0,-1.0,19.0,-44.0,-39.0,14.0
205277,France,2020-05-29,-37.0,0.0,14.0,-43.0,-38.0,15.0
205278,France,2020-05-30,-39.0,-2.0,23.0,-34.0,-5.0,5.0
205279,France,2020-05-31,-40.0,5.0,53.0,-38.0,7.0,2.0
205280,France,2020-06-01,-43.0,-36.0,78.0,-55.0,-72.0,20.0
205281,France,2020-06-02,-23.0,5.0,31.0,-34.0,-33.0,11.0
205282,France,2020-06-03,-29.0,0.0,9.0,-36.0,-32.0,11.0
205283,France,2020-06-04,-30.0,-1.0,-16.0,-40.0,-34.0,13.0
205284,France,2020-06-05,-26.0,-1.0,-7.0,-37.0,-33.0,13.0
205285,France,2020-06-06,-24.0,0.0,5.0,-27.0,-2.0,4.0
205286,France,2020-06-07,-23.0,2.0,3.0,-32.0,18.0,0.0
205287,France,2020-06-08,-21.0,-6.0,12.0,-36.0,-34.0,11.0
205288,France,2020-06-09,-22.0,-5.0,12.0,-35.0,-32.0,11.0
205289,France,2020-06-10,-25.0,-5.0,12.0,-34.0,-31.0,10.0
205290,France,2020-06-11,-25.0,-3.0,9.0,-35.0,-32.0,11.0
205291,France,2020-06-12,-25.0,-6.0,8.0,-34.0,-32.0,12.0
205292,France,2020-06-13,-27.0,-7.0,16.0,-25.0,1.0,4.0
205293,France,2020-06-14,-25.0,-3.0,41.0,-26.0,14.0,1.0
205294,France,2020-06-15,-18.0,-5.0,38.0,-32.0,-31.0,10.0
205295,France,2020-06-16,-17.0,-3.0,36.0,-28.0,-30.0,10.0
205296,France,2020-06-17,-22.0,-4.0,25.0,-30.0,-29.0,9.0
205297,France,2020-06-18,-19.0,-3.0,33.0,-30.0,-30.0,9.0
205298,France,2020-06-19,-17.0,-4.0,44.0,-27.0,-30.0,9.0
205299,France,2020-06-20,-21.0,-5.0,62.0,-18.0,3.0,1.0
205300,France,2020-06-21,-11.0,4.0,58.0,-18.0,20.0,-2.0
205301,France,2020-06-22,-13.0,-3.0,74.0,-26.0,-32.0,7.0
205302,France,2020-06-23,-12.0,0.0,85.0,-24.0,-30.0,7.0
205303,France,2020-06-24,-18.0,-3.0,83.0,-26.0,-27.0,6.0
205304,France,2020-06-25,-18.0,0.0,72.0,-25.0,-27.0,6.0
205305,France,2020-06-26,-17.0,-2.0,55.0,-23.0,-28.0,7.0
205306,France,2020-06-27,-21.0,-6.0,55.0,-16.0,-2.0,1.0
205307,France,2020-06-28,-13.0,5.0,57.0,-15.0,15.0,-1.0
205308,France,2020-06-29,-9.0,0.0,66.0,-25.0,-28.0,7.0
205309,France,2020-06-30,-7.0,2.0,71.0,-22.0,-26.0,6.0
205310,France,2020-07-01,-13.0,0.0,54.0,-23.0,-26.0,5.0
205311,France,2020-07-02,-9.0,6.0,59.0,-21.0,-27.0,6.0
205312,France,2020-07-03,-10.0,0.0,68.0,-18.0,-26.0,6.0
205313,France,2020-07-04,-18.0,-5.0,69.0,-7.0,-2.0,0.0
205314,France,2020-07-05,-8.0,9.0,82.0,-8.0,9.0,-2.0
205315,France,2020-07-06,-2.0,6.0,111.0,-20.0,-33.0,6.0
205316,France,2020-07-07,0.0,6.0,129.0,-17.0,-32.0,5.0
205317,France,2020-07-08,-9.0,1.0,114.0,-18.0,-27.0,4.0
205318,France,2020-07-09,-9.0,4.0,116.0,-18.0,-31.0,5.0
205319,France,2020-07-10,-11.0,0.0,98.0,-14.0,-32.0,5.0
205320,France,2020-07-11,-18.0,-3.0,119.0,2.0,-4.0,-3.0
205321,France,2020-07-12,3.0,21.0,153.0,-4.0,9.0,-4.0
205322,France,2020-07-13,11.0,23.0,245.0,-24.0,-53.0,7.0
205323,France,2020-07-14,-29.0,-39.0,208.0,-39.0,-76.0,16.0
205324,France,2020-07-15,-3.0,13.0,117.0,-17.0,-30.0,3.0
205325,France,2020-07-16,-4.0,8.0,125.0,-20.0,-33.0,6.0
205326,France,2020-07-17,-9.0,0.0,122.0,-17.0,-33.0,6.0
205327,France,2020-07-18,-18.0,-5.0,123.0,0.0,-2.0,-2.0
205328,France,2020-07-19,0.0,16.0,133.0,-1.0,12.0,-4.0
205329,France,2020-07-20,0.0,9.0,177.0,-19.0,-36.0,6.0
205330,France,2020-07-21,-1.0,5.0,177.0,-20.0,-36.0,6.0
205331,France,2020-07-22,-9.0,1.0,155.0,-20.0,-30.0,4.0
205332,France,2020-07-23,-8.0,4.0,157.0,-20.0,-33.0,5.0
205333,France,2020-07-24,-11.0,-1.0,132.0,-17.0,-33.0,7.0
205334,France,2020-07-25,-19.0,-6.0,112.0,-1.0,-6.0,-1.0
205335,France,2020-07-26,-1.0,15.0,129.0,-2.0,10.0,-3.0
205336,France,2020-07-27,-1.0,8.0,184.0,-21.0,-39.0,7.0
205337,France,2020-07-28,0.0,7.0,179.0,-21.0,-37.0,7.0
205338,France,2020-07-29,-7.0,4.0,174.0,-19.0,-34.0,4.0
205339,France,2020-07-30,-8.0,7.0,170.0,-20.0,-38.0,6.0
205340,France,2020-07-31,-15.0,-3.0,139.0,-19.0,-40.0,7.0
205341,France,2020-08-01,-21.0,-5.0,122.0,2.0,-10.0,-1.0
205342,France,2020-08-02,1.0,21.0,136.0,3.0,6.0,-3.0
205343,France,2020-08-03,7.0,15.0,204.0,-21.0,-47.0,8.0
205344,France,2020-08-04,5.0,11.0,230.0,-21.0,-46.0,7.0
205345,France,2020-08-05,-3.0,7.0,219.0,-21.0,-43.0,5.0
205346,France,2020-08-06,-4.0,9.0,222.0,-22.0,-47.0,6.0
205347,France,2020-08-07,-13.0,-1.0,185.0,-20.0,-47.0,8.0
205348,France,2020-08-08,-22.0,-7.0,155.0,2.0,-14.0,-2.0
205349,France,2020-08-09,1.0,24.0,158.0,0.0,2.0,-3.0
205350,France,2020-08-10,4.0,15.0,245.0,-23.0,-53.0,8.0
205351,France,2020-08-11,0.0,8.0,248.0,-26.0,-52.0,9.0
205352,France,2020-08-12,-9.0,5.0,205.0,-26.0,-49.0,7.0
205353,France,2020-08-13,-6.0,8.0,196.0,-25.0,-51.0,9.0
205354,France,2020-08-14,-11.0,1.0,182.0,-21.0,-51.0,9.0
205355,France,2020-08-15,-30.0,-24.0,157.0,-3.0,-27.0,0.0
205356,France,2020-08-16,0.0,20.0,129.0,0.0,2.0,-3.0
205357,France,2020-08-17,3.0,16.0,214.0,-22.0,-51.0,8.0
205358,France,2020-08-18,1.0,10.0,219.0,-24.0,-48.0,8.0
205359,France,2020-08-19,-9.0,4.0,180.0,-25.0,-45.0,7.0
205360,France,2020-08-20,-9.0,4.0,202.0,-25.0,-48.0,7.0
205361,France,2020-08-21,-14.0,-3.0,158.0,-22.0,-47.0,9.0
205362,France,2020-08-22,-22.0,-10.0,116.0,-1.0,-13.0,-1.0
205363,France,2020-08-23,-2.0,14.0,112.0,0.0,6.0,-3.0
205364,France,2020-08-24,-2.0,7.0,161.0,-22.0,-41.0,7.0
205365,France,2020-08-25,-3.0,4.0,154.0,-22.0,-40.0,7.0
205366,France,2020-08-26,-9.0,0.0,141.0,-21.0,-35.0,5.0
205367,France,2020-08-27,-8.0,3.0,130.0,-21.0,-38.0,6.0
205368,France,2020-08-28,-12.0,-3.0,74.0,-20.0,-38.0,8.0
205369,France,2020-08-29,-18.0,-7.0,44.0,-7.0,-12.0,1.0
205370,France,2020-08-30,-8.0,4.0,43.0,-7.0,2.0,0.0
205371,France,2020-08-31,0.0,7.0,81.0,-18.0,-34.0,6.0
205372,France,2020-09-01,-3.0,7.0,81.0,-15.0,-33.0,5.0
205373,France,2020-09-02,-10.0,4.0,82.0,-15.0,-29.0,4.0
205374,France,2020-09-03,-11.0,2.0,79.0,-13.0,-30.0,3.0
205375,France,2020-09-04,-10.0,-1.0,80.0,-9.0,-29.0,3.0
205376,France,2020-09-05,-13.0,-3.0,75.0,-6.0,-9.0,-1.0
205377,France,2020-09-06,-2.0,11.0,74.0,-5.0,2.0,-1.0
205378,France,2020-09-07,-5.0,4.0,85.0,-10.0,-31.0,2.0
205379,France,2020-09-08,-7.0,1.0,89.0,-9.0,-30.0,2.0
205380,France,2020-09-09,-12.0,-1.0,81.0,-12.0,-27.0,3.0
205381,France,2020-09-10,-12.0,0.0,82.0,-10.0,-28.0,1.0
205382,France,2020-09-11,-12.0,-4.0,82.0,-6.0,-28.0,1.0
205383,France,2020-09-12,-15.0,-6.0,86.0,-4.0,-9.0,-2.0
205384,France,2020-09-13,-2.0,10.0,101.0,-1.0,2.0,-4.0
205385,France,2020-09-14,-10.0,0.0,93.0,-11.0,-23.0,1.0
205386,France,2020-09-15,-10.0,-1.0,85.0,-10.0,-22.0,2.0
205387,France,2020-09-16,-15.0,-4.0,78.0,-11.0,-22.0,2.0
205388,France,2020-09-17,-15.0,-3.0,75.0,-13.0,-23.0,2.0
205389,France,2020-09-18,-14.0,-6.0,65.0,-8.0,-23.0,2.0
205390,France,2020-09-19,-19.0,-9.0,54.0,-10.0,-9.0,0.0
205391,France,2020-09-20,-10.0,1.0,59.0,-7.0,0.0,-1.0
205392,France,2020-09-21,-12.0,-2.0,59.0,-11.0,-23.0,3.0
205393,France,2020-09-22,-13.0,-3.0,52.0,-11.0,-21.0,3.0
205394,France,2020-09-23,-18.0,-4.0,39.0,-13.0,-18.0,4.0
205395,France,2020-09-24,-20.0,-4.0,22.0,-14.0,-19.0,4.0
205396,France,2020-09-25,-19.0,-6.0,12.0,-12.0,-20.0,5.0
205397,France,2020-09-26,-20.0,-6.0,11.0,-17.0,-9.0,3.0
205398,France,2020-09-27,-24.0,-9.0,-1.0,-20.0,-5.0,3.0
205399,France,2020-09-28,-16.0,-3.0,21.0,-15.0,-18.0,4.0
205400,France,2020-09-29,-14.0,-1.0,29.0,-13.0,-17.0,4.0
205401,France,2020-09-30,-16.0,-1.0,29.0,-12.0,-17.0,3.0
205402,France,2020-10-01,-19.0,0.0,7.0,-13.0,-16.0,3.0
205403,France,2020-10-02,-21.0,-5.0,-12.0,-13.0,-18.0,5.0
205404,France,2020-10-03,-18.0,-3.0,-6.0,-15.0,-10.0,3.0
205405,France,2020-10-04,-21.0,-6.0,-7.0,-17.0,-6.0,2.0
205406,France,2020-10-05,-15.0,-2.0,6.0,-13.0,-18.0,3.0
205407,France,2020-10-06,-14.0,0.0,7.0,-12.0,-17.0,3.0
205408,France,2020-10-07,-17.0,-1.0,18.0,-13.0,-16.0,3.0
205409,France,2020-10-08,-18.0,-2.0,21.0,-13.0,-16.0,3.0
205410,France,2020-10-09,-17.0,-3.0,17.0,-11.0,-16.0,4.0
205411,France,2020-10-10,-18.0,-5.0,16.0,-15.0,-8.0,2.0
205412,France,2020-10-11,-22.0,-5.0,4.0,-19.0,-6.0,2.0
205413,France,2020-10-12,-16.0,-4.0,18.0,-15.0,-17.0,4.0
205414,France,2020-10-13,-17.0,1.0,11.0,-15.0,-17.0,4.0
205415,France,2020-10-14,-20.0,-1.0,11.0,-15.0,-15.0,5.0
205416,France,2020-10-15,-20.0,0.0,6.0,-14.0,-16.0,4.0
205417,France,2020-10-16,-18.0,-2.0,8.0,-10.0,-16.0,5.0
205418,France,2020-10-17,-23.0,-5.0,15.0,-13.0,-11.0,3.0
205419,France,2020-10-18,-15.0,1.0,46.0,-10.0,-7.0,1.0
205420,France,2020-10-19,-14.0,0.0,48.0,-21.0,-32.0,8.0
205421,France,2020-10-20,-16.0,-2.0,27.0,-22.0,-31.0,8.0
205422,France,2020-10-21,-20.0,-4.0,28.0,-21.0,-28.0,7.0
205423,France,2020-10-22,-18.0,-1.0,31.0,-21.0,-31.0,8.0
205424,France,2020-10-23,-21.0,-4.0,15.0,-21.0,-33.0,10.0
205425,France,2020-10-24,-27.0,-7.0,15.0,-17.0,-16.0,4.0
205426,France,2020-10-25,-20.0,2.0,11.0,-20.0,-11.0,2.0
205427,France,2020-10-26,-15.0,0.0,29.0,-26.0,-37.0,9.0
205428,France,2020-10-27,-15.0,2.0,25.0,-25.0,-36.0,10.0
205429,France,2020-10-28,-13.0,11.0,24.0,-24.0,-31.0,7.0
205430,France,2020-10-29,9.0,28.0,37.0,-13.0,-33.0,4.0
205431,France,2020-10-30,-62.0,-22.0,-27.0,-48.0,-44.0,20.0
205432,France,2020-10-31,-68.0,-24.0,-43.0,-52.0,-34.0,16.0
205433,France,2020-11-01,-65.0,-26.0,-48.0,-49.0,-32.0,11.0
205434,France,2020-11-02,-52.0,-13.0,-20.0,-42.0,-30.0,13.0
205435,France,2020-11-03,-53.0,-12.0,-21.0,-42.0,-31.0,14.0
205436,France,2020-11-04,-57.0,-17.0,-22.0,-44.0,-31.0,15.0
205437,France,2020-11-05,-55.0,-11.0,-20.0,-43.0,-30.0,14.0
205438,France,2020-11-06,-55.0,-13.0,-27.0,-44.0,-30.0,17.0
205439,France,2020-11-07,-64.0,-19.0,-46.0,-59.0,-33.0,17.0
205440,France,2020-11-08,-62.0,-22.0,-40.0,-61.0,-33.0,13.0
205441,France,2020-11-09,-49.0,-13.0,-11.0,-42.0,-31.0,14.0
205442,France,2020-11-10,-49.0,0.0,-15.0,-40.0,-33.0,13.0
205443,France,2020-11-11,-74.0,-52.0,-24.0,-72.0,-81.0,30.0
205444,France,2020-11-12,-54.0,-3.0,-19.0,-41.0,-32.0,14.0
205445,France,2020-11-13,-54.0,-9.0,-29.0,-43.0,-32.0,17.0
205446,France,2020-11-14,-63.0,-16.0,-36.0,-55.0,-31.0,16.0
205447,France,2020-11-15,-66.0,-24.0,-50.0,-61.0,-34.0,13.0
205448,France,2020-11-16,-51.0,-14.0,-18.0,-41.0,-30.0,13.0
205449,France,2020-11-17,-51.0,-11.0,-13.0,-40.0,-30.0,14.0
205450,France,2020-11-18,-55.0,-14.0,-12.0,-42.0,-30.0,14.0
205451,France,2020-11-19,-53.0,-10.0,-25.0,-43.0,-29.0,14.0
205452,France,2020-11-20,-52.0,-10.0,-29.0,-43.0,-29.0,16.0
205453,France,2020-11-21,-59.0,-15.0,-38.0,-55.0,-29.0,15.0
205454,France,2020-11-22,-60.0,-18.0,-37.0,-59.0,-30.0,12.0
205455,France,2020-11-23,-48.0,-15.0,-16.0,-42.0,-29.0,13.0
205456,France,2020-11-24,-49.0,-12.0,-16.0,-41.0,-29.0,13.0
205457,France,2020-11-25,-53.0,-15.0,-20.0,-42.0,-29.0,14.0
205458,France,2020-11-26,-51.0,-9.0,-20.0,-41.0,-27.0,13.0
205459,France,2020-11-27,-50.0,-8.0,-28.0,-42.0,-27.0,15.0
205460,France,2020-11-28,-35.0,-4.0,-20.0,-39.0,-19.0,10.0
205461,France,2020-11-29,-31.0,4.0,-14.0,-47.0,-20.0,8.0
205462,France,2020-11-30,-26.0,-2.0,-13.0,-36.0,-26.0,11.0
205463,France,2020-12-01,-28.0,1.0,-19.0,-34.0,-26.0,11.0
205464,France,2020-12-02,-32.0,-2.0,-21.0,-36.0,-25.0,11.0
205465,France,2020-12-03,-34.0,-1.0,-25.0,-36.0,-25.0,11.0
205466,France,2020-12-04,-29.0,2.0,-32.0,-35.0,-25.0,13.0
205467,France,2020-12-05,-30.0,0.0,-38.0,-37.0,-19.0,10.0
205468,France,2020-12-06,-20.0,18.0,-29.0,-42.0,-17.0,8.0
205469,France,2020-12-07,-27.0,-3.0,-20.0,-35.0,-26.0,10.0
205470,France,2020-12-08,-27.0,0.0,-17.0,-33.0,-24.0,10.0
205471,France,2020-12-09,-33.0,-4.0,-21.0,-35.0,-25.0,11.0
205472,France,2020-12-10,-33.0,0.0,-21.0,-34.0,-24.0,10.0
205473,France,2020-12-11,-34.0,-3.0,-33.0,-35.0,-25.0,13.0
205474,France,2020-12-12,-33.0,-2.0,-35.0,-36.0,-18.0,10.0
205475,France,2020-12-13,-21.0,20.0,-22.0,-40.0,-15.0,7.0
205476,France,2020-12-14,-27.0,-1.0,-14.0,-32.0,-25.0,10.0
205477,France,2020-12-15,-25.0,3.0,-11.0,-28.0,-24.0,9.0
205478,France,2020-12-16,-29.0,3.0,-10.0,-28.0,-24.0,9.0
205479,France,2020-12-17,-29.0,7.0,-11.0,-27.0,-24.0,9.0
205480,France,2020-12-18,-30.0,2.0,-14.0,-26.0,-26.0,11.0
205481,France,2020-12-19,-33.0,-1.0,-22.0,-20.0,-17.0,7.0
205482,France,2020-12-20,-14.0,42.0,-9.0,-23.0,-11.0,4.0
205483,France,2020-12-21,-15.0,15.0,-7.0,-36.0,-46.0,13.0
205484,France,2020-12-22,-13.0,26.0,9.0,-31.0,-46.0,12.0
205485,France,2020-12-23,-18.0,35.0,-4.0,-31.0,-45.0,10.0
205486,France,2020-12-24,-25.0,29.0,-4.0,-42.0,-60.0,10.0
205487,France,2020-12-25,-85.0,-87.0,-20.0,-70.0,-87.0,23.0
205488,France,2020-12-26,-49.0,-18.0,-16.0,-33.0,-35.0,8.0
205489,France,2020-12-27,-48.0,-4.0,-30.0,-34.0,-24.0,5.0
205490,France,2020-12-28,-25.0,9.0,1.0,-43.0,-62.0,17.0
205491,France,2020-12-29,-24.0,16.0,15.0,-40.0,-60.0,17.0
205492,France,2020-12-30,-27.0,28.0,11.0,-38.0,-56.0,14.0
205493,France,2020-12-31,-31.0,36.0,9.0,-44.0,-63.0,15.0
205494,France,2021-01-01,-83.0,-87.0,-7.0,-69.0,-87.0,24.0
205495,France,2021-01-02,-47.0,-12.0,-27.0,-33.0,-32.0,10.0
205496,France,2021-01-03,-50.0,-13.0,-32.0,-29.0,-19.0,6.0
205497,France,2021-01-04,-37.0,-2.0,-24.0,-34.0,-27.0,11.0
205498,France,2021-01-05,-36.0,2.0,-19.0,-33.0,-26.0,11.0
205499,France,2021-01-06,-37.0,-1.0,-19.0,-34.0,-25.0,11.0
205500,France,2021-01-07,-39.0,-2.0,-20.0,-34.0,-24.0,11.0
205501,France,2021-01-08,-39.0,-4.0,-23.0,-33.0,-24.0,12.0
205502,France,2021-01-09,-39.0,-4.0,-28.0,-34.0,-17.0,9.0
205503,France,2021-01-10,-46.0,-8.0,-19.0,-38.0,-17.0,6.0
205504,France,2021-01-11,-35.0,-6.0,-14.0,-33.0,-24.0,10.0
205505,France,2021-01-12,-39.0,-7.0,-21.0,-33.0,-25.0,10.0
205506,France,2021-01-13,-41.0,-8.0,-22.0,-35.0,-25.0,9.0
205507,France,2021-01-14,-44.0,-10.0,-26.0,-35.0,-26.0,9.0
205508,France,2021-01-15,-44.0,-10.0,-28.0,-35.0,-28.0,11.0
205509,France,2021-01-16,-51.0,-20.0,-36.0,-42.0,-23.0,10.0
205510,France,2021-01-17,-50.0,-11.0,-21.0,-41.0,-21.0,6.0
205511,France,2021-01-18,-42.0,-16.0,-14.0,-36.0,-27.0,9.0
205512,France,2021-01-19,-43.0,-14.0,-14.0,-36.0,-27.0,10.0
417507,Italy,2020-02-15,3.0,-1.0,35.0,9.0,0.0,-1.0
417508,Italy,2020-02-16,3.0,2.0,26.0,11.0,1.0,-2.0
417509,Italy,2020-02-17,0.0,1.0,7.0,3.0,1.0,0.0
417510,Italy,2020-02-18,3.0,1.0,16.0,4.0,1.0,0.0
417511,Italy,2020-02-19,0.0,-1.0,11.0,3.0,1.0,0.0
417512,Italy,2020-02-20,2.0,1.0,18.0,5.0,1.0,0.0
417513,Italy,2020-02-21,1.0,1.0,19.0,5.0,0.0,-1.0
417514,Italy,2020-02-22,-1.0,3.0,30.0,8.0,0.0,-1.0
417515,Italy,2020-02-23,-5.0,16.0,23.0,6.0,1.0,0.0
417516,Italy,2020-02-24,-4.0,23.0,22.0,-15.0,-14.0,4.0
417517,Italy,2020-02-25,-6.0,5.0,20.0,-18.0,-15.0,5.0
417518,Italy,2020-02-26,-13.0,-5.0,-6.0,-23.0,-12.0,6.0
417519,Italy,2020-02-27,-10.0,-3.0,-1.0,-22.0,-12.0,6.0
417520,Italy,2020-02-28,-8.0,-2.0,11.0,-20.0,-12.0,5.0
417521,Italy,2020-02-29,-10.0,-2.0,2.0,-16.0,-9.0,3.0
417522,Italy,2020-03-01,-19.0,-5.0,-30.0,-26.0,-5.0,4.0
417523,Italy,2020-03-02,-13.0,-7.0,-26.0,-25.0,-9.0,5.0
417524,Italy,2020-03-03,-7.0,-1.0,-9.0,-21.0,-8.0,4.0
417525,Italy,2020-03-04,-7.0,1.0,8.0,-19.0,-8.0,4.0
417526,Italy,2020-03-05,-12.0,0.0,-12.0,-28.0,-16.0,7.0
417527,Italy,2020-03-06,-15.0,0.0,-8.0,-29.0,-17.0,8.0
417528,Italy,2020-03-07,-19.0,1.0,2.0,-24.0,-15.0,6.0
417529,Italy,2020-03-08,-32.0,3.0,1.0,-27.0,-10.0,6.0
417530,Italy,2020-03-09,-30.0,-1.0,-24.0,-42.0,-24.0,11.0
417531,Italy,2020-03-10,-43.0,-2.0,-32.0,-51.0,-31.0,16.0
417532,Italy,2020-03-11,-52.0,-14.0,-32.0,-57.0,-37.0,19.0
417533,Italy,2020-03-12,-70.0,-23.0,-61.0,-67.0,-47.0,24.0
417534,Italy,2020-03-13,-75.0,-28.0,-64.0,-71.0,-53.0,28.0
417535,Italy,2020-03-14,-83.0,-43.0,-78.0,-76.0,-58.0,25.0
417536,Italy,2020-03-15,-90.0,-60.0,-81.0,-80.0,-55.0,22.0
417537,Italy,2020-03-16,-75.0,-37.0,-67.0,-74.0,-58.0,27.0
417538,Italy,2020-03-17,-77.0,-41.0,-68.0,-76.0,-61.0,29.0
417539,Italy,2020-03-18,-79.0,-43.0,-71.0,-77.0,-61.0,30.0
417540,Italy,2020-03-19,-79.0,-44.0,-74.0,-78.0,-63.0,31.0
417541,Italy,2020-03-20,-80.0,-40.0,-77.0,-78.0,-63.0,32.0
417542,Italy,2020-03-21,-86.0,-51.0,-85.0,-80.0,-63.0,26.0
417543,Italy,2020-03-22,-95.0,-85.0,-91.0,-87.0,-63.0,24.0
417544,Italy,2020-03-23,-80.0,-45.0,-81.0,-81.0,-68.0,32.0
417545,Italy,2020-03-24,-81.0,-48.0,-80.0,-81.0,-69.0,32.0
417546,Italy,2020-03-25,-83.0,-51.0,-82.0,-82.0,-70.0,34.0
417547,Italy,2020-03-26,-84.0,-52.0,-84.0,-83.0,-72.0,35.0
417548,Italy,2020-03-27,-83.0,-46.0,-82.0,-82.0,-71.0,36.0
417549,Italy,2020-03-28,-87.0,-54.0,-86.0,-82.0,-65.0,27.0
417550,Italy,2020-03-29,-94.0,-85.0,-90.0,-87.0,-63.0,24.0
417551,Italy,2020-03-30,-81.0,-47.0,-79.0,-81.0,-69.0,32.0
417552,Italy,2020-03-31,-90.0,-42.0,-78.0,-79.0,-70.0,33.0
417553,Italy,2020-04-01,-90.0,-41.0,-77.0,-79.0,-70.0,33.0
417554,Italy,2020-04-02,-90.0,-40.0,-77.0,-79.0,-70.0,34.0
417555,Italy,2020-04-03,-85.0,-37.0,-78.0,-79.0,-69.0,35.0
417556,Italy,2020-04-04,-89.0,-48.0,-84.0,-80.0,-63.0,27.0
417557,Italy,2020-04-05,-95.0,-82.0,-90.0,-86.0,-62.0,24.0
417558,Italy,2020-04-06,-83.0,-39.0,-76.0,-78.0,-66.0,31.0
417559,Italy,2020-04-07,-81.0,-38.0,-75.0,-78.0,-67.0,31.0
417560,Italy,2020-04-08,-82.0,-37.0,-76.0,-78.0,-67.0,31.0
417561,Italy,2020-04-09,-81.0,-32.0,-76.0,-78.0,-67.0,32.0
417562,Italy,2020-04-10,-81.0,-27.0,-76.0,-77.0,-68.0,33.0
417563,Italy,2020-04-11,-86.0,-42.0,-83.0,-78.0,-62.0,26.0
417564,Italy,2020-04-12,-96.0,-94.0,-91.0,-88.0,-66.0,25.0
417565,Italy,2020-04-13,-96.0,-93.0,-86.0,-91.0,-90.0,40.0
417566,Italy,2020-04-14,-81.0,-41.0,-76.0,-77.0,-65.0,30.0
417567,Italy,2020-04-15,-80.0,-38.0,-75.0,-76.0,-64.0,30.0
417568,Italy,2020-04-16,-79.0,-37.0,-75.0,-76.0,-63.0,31.0
417569,Italy,2020-04-17,-79.0,-34.0,-75.0,-76.0,-63.0,32.0
417570,Italy,2020-04-18,-85.0,-48.0,-82.0,-77.0,-58.0,25.0
417571,Italy,2020-04-19,-94.0,-82.0,-88.0,-84.0,-58.0,23.0
417572,Italy,2020-04-20,-79.0,-48.0,-79.0,-79.0,-61.0,29.0
417573,Italy,2020-04-21,-79.0,-45.0,-76.0,-77.0,-61.0,29.0
417574,Italy,2020-04-22,-79.0,-45.0,-75.0,-76.0,-61.0,30.0
417575,Italy,2020-04-23,-78.0,-40.0,-73.0,-75.0,-60.0,30.0
417576,Italy,2020-04-24,-75.0,-27.0,-71.0,-73.0,-60.0,29.0
417577,Italy,2020-04-25,-93.0,-86.0,-83.0,-83.0,-72.0,28.0
417578,Italy,2020-04-26,-92.0,-74.0,-85.0,-81.0,-54.0,22.0
417579,Italy,2020-04-27,-72.0,-34.0,-68.0,-72.0,-57.0,26.0
417580,Italy,2020-04-28,-75.0,-39.0,-71.0,-74.0,-58.0,26.0
417581,Italy,2020-04-29,-75.0,-36.0,-68.0,-72.0,-57.0,27.0
417582,Italy,2020-04-30,-71.0,-23.0,-67.0,-71.0,-57.0,26.0
417583,Italy,2020-05-01,-92.0,-90.0,-74.0,-86.0,-86.0,41.0
417584,Italy,2020-05-02,-78.0,-37.0,-71.0,-70.0,-52.0,23.0
417585,Italy,2020-05-03,-89.0,-71.0,-75.0,-76.0,-46.0,21.0
417586,Italy,2020-05-04,-58.0,-25.0,-30.0,-57.0,-45.0,18.0
417587,Italy,2020-05-05,-60.0,-27.0,-31.0,-58.0,-46.0,19.0
417588,Italy,2020-05-06,-61.0,-28.0,-32.0,-58.0,-46.0,20.0
417589,Italy,2020-05-07,-60.0,-27.0,-28.0,-58.0,-45.0,20.0
417590,Italy,2020-05-08,-60.0,-23.0,-29.0,-58.0,-45.0,21.0
417591,Italy,2020-05-09,-63.0,-28.0,-31.0,-52.0,-39.0,15.0
417592,Italy,2020-05-10,-74.0,-61.0,-43.0,-57.0,-28.0,13.0
417593,Italy,2020-05-11,-58.0,-31.0,-45.0,-61.0,-43.0,19.0
417594,Italy,2020-05-12,-56.0,-24.0,-27.0,-56.0,-42.0,19.0
417595,Italy,2020-05-13,-59.0,-27.0,-39.0,-59.0,-42.0,19.0
417596,Italy,2020-05-14,-56.0,-24.0,-28.0,-56.0,-42.0,18.0
417597,Italy,2020-05-15,-58.0,-22.0,-34.0,-58.0,-42.0,20.0
417598,Italy,2020-05-16,-61.0,-26.0,-37.0,-53.0,-34.0,15.0
417599,Italy,2020-05-17,-68.0,-56.0,-24.0,-52.0,-21.0,12.0
417600,Italy,2020-05-18,-38.0,-19.0,-11.0,-48.0,-36.0,14.0
417601,Italy,2020-05-19,-40.0,-18.0,-22.0,-50.0,-37.0,15.0
417602,Italy,2020-05-20,-40.0,-18.0,-13.0,-48.0,-37.0,15.0
417603,Italy,2020-05-21,-37.0,-15.0,0.0,-46.0,-37.0,15.0
417604,Italy,2020-05-22,-38.0,-13.0,4.0,-46.0,-36.0,14.0
417605,Italy,2020-05-23,-38.0,-17.0,11.0,-35.0,-24.0,8.0
417606,Italy,2020-05-24,-43.0,-38.0,13.0,-35.0,-9.0,5.0
417607,Italy,2020-05-25,-32.0,-17.0,4.0,-45.0,-34.0,12.0
417608,Italy,2020-05-26,-32.0,-14.0,6.0,-44.0,-34.0,12.0
417609,Italy,2020-05-27,-32.0,-13.0,8.0,-43.0,-33.0,12.0
417610,Italy,2020-05-28,-32.0,-12.0,5.0,-43.0,-33.0,13.0
417611,Italy,2020-05-29,-35.0,-11.0,-6.0,-45.0,-34.0,13.0
417612,Italy,2020-05-30,-34.0,-13.0,7.0,-32.0,-20.0,7.0
417613,Italy,2020-05-31,-37.0,-31.0,15.0,-32.0,-2.0,5.0
417614,Italy,2020-06-01,-15.0,4.0,53.0,-37.0,-44.0,11.0
417615,Italy,2020-06-02,-32.0,-44.0,119.0,-46.0,-72.0,16.0
417616,Italy,2020-06-03,-29.0,-7.0,6.0,-37.0,-31.0,10.0
417617,Italy,2020-06-04,-33.0,-11.0,-24.0,-44.0,-33.0,12.0
417618,Italy,2020-06-05,-28.0,-10.0,1.0,-40.0,-32.0,11.0
417619,Italy,2020-06-06,-25.0,-12.0,31.0,-25.0,-17.0,4.0
417620,Italy,2020-06-07,-34.0,-28.0,-4.0,-36.0,-3.0,4.0
417621,Italy,2020-06-08,-25.0,-14.0,-7.0,-42.0,-31.0,10.0
417622,Italy,2020-06-09,-21.0,-11.0,9.0,-38.0,-30.0,9.0
417623,Italy,2020-06-10,-23.0,-11.0,2.0,-39.0,-30.0,10.0
417624,Italy,2020-06-11,-21.0,-8.0,3.0,-39.0,-30.0,9.0
417625,Italy,2020-06-12,-19.0,-8.0,35.0,-34.0,-30.0,7.0
417626,Italy,2020-06-13,-24.0,-14.0,29.0,-26.0,-15.0,2.0
417627,Italy,2020-06-14,-23.0,-21.0,30.0,-23.0,4.0,0.0
417628,Italy,2020-06-15,-18.0,-11.0,19.0,-36.0,-28.0,7.0
417629,Italy,2020-06-16,-16.0,-8.0,27.0,-34.0,-28.0,8.0
417630,Italy,2020-06-17,-17.0,-9.0,24.0,-34.0,-28.0,8.0
417631,Italy,2020-06-18,-15.0,-9.0,36.0,-33.0,-28.0,7.0
417632,Italy,2020-06-19,-16.0,-8.0,41.0,-31.0,-28.0,6.0
417633,Italy,2020-06-20,-17.0,-12.0,64.0,-16.0,-12.0,-1.0
417634,Italy,2020-06-21,-22.0,-21.0,47.0,-16.0,6.0,-3.0
417635,Italy,2020-06-22,-13.0,-9.0,46.0,-31.0,-29.0,5.0
417636,Italy,2020-06-23,-11.0,-7.0,59.0,-29.0,-28.0,5.0
417637,Italy,2020-06-24,-12.0,-8.0,60.0,-30.0,-28.0,5.0
417638,Italy,2020-06-25,-13.0,-6.0,51.0,-29.0,-27.0,5.0
417639,Italy,2020-06-26,-14.0,-6.0,60.0,-27.0,-28.0,4.0
417640,Italy,2020-06-27,-18.0,-12.0,71.0,-15.0,-14.0,-2.0
417641,Italy,2020-06-28,-22.0,-21.0,53.0,-14.0,8.0,-5.0
417642,Italy,2020-06-29,-10.0,-8.0,62.0,-31.0,-29.0,4.0
417643,Italy,2020-06-30,-8.0,-6.0,60.0,-29.0,-26.0,4.0
417644,Italy,2020-07-01,-9.0,-5.0,55.0,-28.0,-26.0,4.0
417645,Italy,2020-07-02,-10.0,-6.0,55.0,-28.0,-26.0,4.0
417646,Italy,2020-07-03,-14.0,-7.0,47.0,-29.0,-27.0,4.0
417647,Italy,2020-07-04,-15.0,-11.0,65.0,-15.0,-14.0,-2.0
417648,Italy,2020-07-05,-18.0,-17.0,56.0,-12.0,7.0,-6.0
417649,Italy,2020-07-06,-8.0,-6.0,70.0,-27.0,-27.0,3.0
417650,Italy,2020-07-07,-5.0,-3.0,77.0,-26.0,-27.0,3.0
417651,Italy,2020-07-08,-8.0,-7.0,78.0,-26.0,-25.0,3.0
417652,Italy,2020-07-09,-8.0,-6.0,74.0,-26.0,-26.0,3.0
417653,Italy,2020-07-10,-10.0,-6.0,77.0,-25.0,-27.0,2.0
417654,Italy,2020-07-11,-16.0,-13.0,69.0,-15.0,-13.0,-2.0
417655,Italy,2020-07-12,-16.0,-16.0,63.0,-9.0,9.0,-6.0
417656,Italy,2020-07-13,-6.0,-5.0,79.0,-25.0,-26.0,2.0
417657,Italy,2020-07-14,-4.0,-4.0,87.0,-25.0,-26.0,2.0
417658,Italy,2020-07-15,-6.0,-6.0,75.0,-27.0,-25.0,3.0
417659,Italy,2020-07-16,-5.0,-5.0,79.0,-25.0,-25.0,2.0
417660,Italy,2020-07-17,-9.0,-5.0,73.0,-25.0,-26.0,3.0
417661,Italy,2020-07-18,-12.0,-10.0,84.0,-10.0,-12.0,-3.0
417662,Italy,2020-07-19,-14.0,-15.0,70.0,-6.0,11.0,-7.0
417663,Italy,2020-07-20,-5.0,-5.0,95.0,-25.0,-26.0,2.0
417664,Italy,2020-07-21,-3.0,-5.0,101.0,-25.0,-26.0,2.0
417665,Italy,2020-07-22,-6.0,-6.0,92.0,-26.0,-24.0,2.0
417666,Italy,2020-07-23,-5.0,-5.0,92.0,-25.0,-25.0,2.0
417667,Italy,2020-07-24,-10.0,-5.0,75.0,-26.0,-27.0,3.0
417668,Italy,2020-07-25,-12.0,-12.0,96.0,-8.0,-12.0,-4.0
417669,Italy,2020-07-26,-13.0,-14.0,74.0,-5.0,12.0,-7.0
417670,Italy,2020-07-27,-2.0,-3.0,104.0,-23.0,-27.0,1.0
417671,Italy,2020-07-28,-2.0,-3.0,106.0,-24.0,-26.0,2.0
417672,Italy,2020-07-29,-4.0,-5.0,105.0,-24.0,-26.0,2.0
417673,Italy,2020-07-30,-4.0,-6.0,93.0,-25.0,-27.0,2.0
417674,Italy,2020-07-31,-7.0,-7.0,91.0,-23.0,-28.0,1.0
417675,Italy,2020-08-01,-14.0,-13.0,83.0,-10.0,-15.0,-4.0
417676,Italy,2020-08-02,-13.0,-11.0,61.0,-9.0,9.0,-6.0
417677,Italy,2020-08-03,-2.0,-2.0,90.0,-26.0,-32.0,3.0
417678,Italy,2020-08-04,4.0,2.0,109.0,-24.0,-32.0,3.0
417679,Italy,2020-08-05,2.0,-1.0,116.0,-24.0,-31.0,3.0
417680,Italy,2020-08-06,2.0,-2.0,117.0,-23.0,-32.0,2.0
417681,Italy,2020-08-07,-4.0,-4.0,113.0,-22.0,-33.0,2.0
417682,Italy,2020-08-08,-13.0,-13.0,104.0,-5.0,-17.0,-4.0
417683,Italy,2020-08-09,-12.0,-13.0,91.0,-1.0,9.0,-7.0
417684,Italy,2020-08-10,5.0,1.0,180.0,-22.0,-47.0,3.0
417685,Italy,2020-08-11,5.0,1.0,191.0,-24.0,-47.0,3.0
417686,Italy,2020-08-12,3.0,0.0,184.0,-25.0,-47.0,4.0
417687,Italy,2020-08-13,3.0,4.0,176.0,-24.0,-49.0,4.0
417688,Italy,2020-08-14,-3.0,15.0,165.0,-24.0,-53.0,4.0
417689,Italy,2020-08-15,-37.0,-56.0,139.0,-17.0,-47.0,-5.0
417690,Italy,2020-08-16,-14.0,-12.0,96.0,0.0,4.0,-7.0
417691,Italy,2020-08-17,3.0,5.0,184.0,-22.0,-53.0,4.0
417692,Italy,2020-08-18,5.0,3.0,198.0,-24.0,-50.0,5.0
417693,Italy,2020-08-19,0.0,-2.0,197.0,-25.0,-49.0,4.0
417694,Italy,2020-08-20,-2.0,-4.0,182.0,-25.0,-49.0,4.0
417695,Italy,2020-08-21,-9.0,-6.0,157.0,-26.0,-49.0,5.0
417696,Italy,2020-08-22,-18.0,-19.0,116.0,-9.0,-23.0,-4.0
417697,Italy,2020-08-23,-17.0,-14.0,71.0,-5.0,12.0,-6.0
417698,Italy,2020-08-24,-1.0,-1.0,127.0,-26.0,-38.0,4.0
417699,Italy,2020-08-25,1.0,-2.0,141.0,-26.0,-37.0,3.0
417700,Italy,2020-08-26,-3.0,-5.0,135.0,-27.0,-34.0,3.0
417701,Italy,2020-08-27,-3.0,-5.0,124.0,-27.0,-34.0,3.0
417702,Italy,2020-08-28,-9.0,-7.0,100.0,-27.0,-35.0,4.0
417703,Italy,2020-08-29,-17.0,-15.0,63.0,-17.0,-18.0,-1.0
417704,Italy,2020-08-30,-15.0,-11.0,40.0,-11.0,8.0,-2.0
417705,Italy,2020-08-31,-7.0,-5.0,56.0,-28.0,-31.0,5.0
417706,Italy,2020-09-01,0.0,0.0,94.0,-23.0,-28.0,3.0
417707,Italy,2020-09-02,-4.0,-3.0,80.0,-26.0,-28.0,4.0
417708,Italy,2020-09-03,-3.0,-2.0,86.0,-24.0,-28.0,3.0
417709,Italy,2020-09-04,-6.0,-5.0,89.0,-23.0,-28.0,2.0
417710,Italy,2020-09-05,-10.0,-12.0,92.0,-10.0,-15.0,-3.0
417711,Italy,2020-09-06,-11.0,-12.0,68.0,-4.0,9.0,-6.0
417712,Italy,2020-09-07,-4.0,-3.0,69.0,-24.0,-29.0,3.0
417713,Italy,2020-09-08,0.0,-3.0,88.0,-21.0,-28.0,2.0
417714,Italy,2020-09-09,-4.0,-5.0,83.0,-22.0,-26.0,2.0
417715,Italy,2020-09-10,-3.0,-3.0,75.0,-21.0,-27.0,1.0
417716,Italy,2020-09-11,-5.0,-3.0,73.0,-20.0,-27.0,1.0
417717,Italy,2020-09-12,-8.0,-9.0,82.0,-7.0,-15.0,-5.0
417718,Italy,2020-09-13,-10.0,-10.0,58.0,-4.0,8.0,-6.0
417719,Italy,2020-09-14,-2.0,-2.0,67.0,-18.0,-25.0,1.0
417720,Italy,2020-09-15,-1.0,-1.0,72.0,-16.0,-24.0,1.0
417721,Italy,2020-09-16,-4.0,-3.0,66.0,-16.0,-24.0,1.0
417722,Italy,2020-09-17,-5.0,-3.0,61.0,-16.0,-24.0,2.0
417723,Italy,2020-09-18,-6.0,-4.0,67.0,-15.0,-24.0,1.0
417724,Italy,2020-09-19,-8.0,-9.0,71.0,-7.0,-14.0,-3.0
417725,Italy,2020-09-20,-8.0,-8.0,48.0,-4.0,7.0,-4.0
417726,Italy,2020-09-21,-6.0,-4.0,44.0,-19.0,-26.0,2.0
417727,Italy,2020-09-22,-7.0,-2.0,32.0,-19.0,-25.0,4.0
417728,Italy,2020-09-23,-9.0,0.0,33.0,-17.0,-22.0,4.0
417729,Italy,2020-09-24,-10.0,0.0,29.0,-17.0,-23.0,4.0
417730,Italy,2020-09-25,-14.0,-2.0,13.0,-19.0,-24.0,5.0
417731,Italy,2020-09-26,-11.0,-3.0,31.0,-10.0,-13.0,1.0
417732,Italy,2020-09-27,-20.0,-12.0,-3.0,-17.0,-2.0,3.0
417733,Italy,2020-09-28,-10.0,-1.0,19.0,-19.0,-22.0,4.0
417734,Italy,2020-09-29,-5.0,3.0,42.0,-14.0,-21.0,3.0
417735,Italy,2020-09-30,-8.0,2.0,39.0,-13.0,-21.0,2.0
417736,Italy,2020-10-01,-9.0,5.0,25.0,-14.0,-19.0,3.0
417737,Italy,2020-10-02,-14.0,0.0,8.0,-16.0,-20.0,4.0
417738,Italy,2020-10-03,-13.0,-3.0,13.0,-10.0,-14.0,2.0
417739,Italy,2020-10-04,-15.0,-10.0,11.0,-10.0,-2.0,1.0
417740,Italy,2020-10-05,-11.0,0.0,19.0,-14.0,-20.0,3.0
417741,Italy,2020-10-06,-8.0,2.0,27.0,-13.0,-20.0,3.0
417742,Italy,2020-10-07,-12.0,0.0,20.0,-15.0,-18.0,3.0
417743,Italy,2020-10-08,-10.0,2.0,30.0,-14.0,-18.0,3.0
417744,Italy,2020-10-09,-11.0,2.0,30.0,-13.0,-18.0,3.0
417745,Italy,2020-10-10,-12.0,-4.0,41.0,-7.0,-10.0,0.0
417746,Italy,2020-10-11,-24.0,-12.0,-19.0,-25.0,-6.0,4.0
417747,Italy,2020-10-12,-15.0,-2.0,4.0,-19.0,-19.0,5.0
417748,Italy,2020-10-13,-11.0,1.0,20.0,-16.0,-18.0,4.0
417749,Italy,2020-10-14,-15.0,0.0,5.0,-19.0,-17.0,5.0
417750,Italy,2020-10-15,-19.0,-2.0,-17.0,-24.0,-18.0,7.0
417751,Italy,2020-10-16,-16.0,4.0,6.0,-19.0,-18.0,6.0
417752,Italy,2020-10-17,-17.0,-3.0,22.0,-14.0,-12.0,3.0
417753,Italy,2020-10-18,-20.0,-11.0,20.0,-15.0,-6.0,3.0
417754,Italy,2020-10-19,-16.0,-2.0,11.0,-21.0,-18.0,6.0
417755,Italy,2020-10-20,-15.0,0.0,14.0,-21.0,-18.0,6.0
417756,Italy,2020-10-21,-16.0,0.0,12.0,-22.0,-17.0,6.0
417757,Italy,2020-10-22,-17.0,1.0,5.0,-22.0,-18.0,7.0
417758,Italy,2020-10-23,-20.0,1.0,-7.0,-28.0,-20.0,8.0
417759,Italy,2020-10-24,-25.0,-4.0,-6.0,-25.0,-14.0,6.0
417760,Italy,2020-10-25,-28.0,-16.0,5.0,-26.0,-9.0,5.0
417761,Italy,2020-10-26,-26.0,-6.0,-14.0,-32.0,-23.0,9.0
417762,Italy,2020-10-27,-21.0,1.0,1.0,-29.0,-24.0,9.0
417763,Italy,2020-10-28,-23.0,0.0,7.0,-30.0,-23.0,9.0
417764,Italy,2020-10-29,-24.0,0.0,-1.0,-32.0,-24.0,10.0
417765,Italy,2020-10-30,-26.0,3.0,2.0,-31.0,-25.0,10.0
417766,Italy,2020-10-31,-29.0,-1.0,12.0,-27.0,-21.0,7.0
417767,Italy,2020-11-01,-38.0,-21.0,-3.0,-33.0,-16.0,7.0
417768,Italy,2020-11-02,-24.0,-3.0,-1.0,-36.0,-29.0,10.0
417769,Italy,2020-11-03,-24.0,-3.0,-4.0,-35.0,-27.0,11.0
417770,Italy,2020-11-04,-23.0,0.0,-5.0,-35.0,-25.0,11.0
417771,Italy,2020-11-05,-23.0,3.0,-3.0,-37.0,-27.0,11.0
417772,Italy,2020-11-06,-40.0,-8.0,-15.0,-45.0,-30.0,15.0
417773,Italy,2020-11-07,-45.0,-14.0,-6.0,-43.0,-28.0,13.0
417774,Italy,2020-11-08,-53.0,-36.0,-9.0,-46.0,-25.0,12.0
417775,Italy,2020-11-09,-35.0,-10.0,-9.0,-45.0,-29.0,13.0
417776,Italy,2020-11-10,-32.0,-5.0,-6.0,-43.0,-30.0,13.0
417777,Italy,2020-11-11,-38.0,-8.0,-12.0,-45.0,-30.0,14.0
417778,Italy,2020-11-12,-38.0,-7.0,-19.0,-45.0,-30.0,15.0
417779,Italy,2020-11-13,-39.0,-3.0,-20.0,-45.0,-31.0,15.0
417780,Italy,2020-11-14,-45.0,-10.0,-22.0,-45.0,-28.0,13.0
417781,Italy,2020-11-15,-66.0,-41.0,-39.0,-57.0,-32.0,15.0
417782,Italy,2020-11-16,-43.0,-15.0,-34.0,-50.0,-31.0,15.0
417783,Italy,2020-11-17,-40.0,-10.0,-19.0,-47.0,-31.0,15.0
417784,Italy,2020-11-18,-41.0,-11.0,-16.0,-47.0,-30.0,15.0
417785,Italy,2020-11-19,-41.0,-9.0,-20.0,-47.0,-31.0,15.0
417786,Italy,2020-11-20,-44.0,-9.0,-35.0,-49.0,-32.0,17.0
417787,Italy,2020-11-21,-50.0,-14.0,-33.0,-50.0,-31.0,15.0
417788,Italy,2020-11-22,-63.0,-40.0,-36.0,-56.0,-31.0,15.0
417789,Italy,2020-11-23,-38.0,-12.0,-21.0,-47.0,-30.0,14.0
417790,Italy,2020-11-24,-38.0,-10.0,-20.0,-46.0,-30.0,14.0
417791,Italy,2020-11-25,-38.0,-8.0,-17.0,-46.0,-29.0,14.0
417792,Italy,2020-11-26,-38.0,-8.0,-21.0,-45.0,-29.0,15.0
417793,Italy,2020-11-27,-38.0,-4.0,-26.0,-46.0,-29.0,15.0
417794,Italy,2020-11-28,-47.0,-11.0,-35.0,-48.0,-28.0,14.0
417795,Italy,2020-11-29,-58.0,-34.0,-41.0,-52.0,-27.0,14.0
417796,Italy,2020-11-30,-31.0,-8.0,-19.0,-43.0,-27.0,13.0
417797,Italy,2020-12-01,-33.0,-4.0,-26.0,-44.0,-27.0,13.0
417798,Italy,2020-12-02,-39.0,-11.0,-39.0,-48.0,-28.0,15.0
417799,Italy,2020-12-03,-35.0,-4.0,-32.0,-44.0,-27.0,14.0
417800,Italy,2020-12-04,-38.0,-6.0,-38.0,-45.0,-28.0,15.0
417801,Italy,2020-12-05,-44.0,-9.0,-44.0,-48.0,-26.0,14.0
417802,Italy,2020-12-06,-56.0,-30.0,-58.0,-55.0,-24.0,14.0
417803,Italy,2020-12-07,-21.0,10.0,-13.0,-46.0,-45.0,15.0
417804,Italy,2020-12-08,-51.0,-43.0,-33.0,-67.0,-76.0,28.0
417805,Italy,2020-12-09,-29.0,-2.0,-32.0,-42.0,-25.0,12.0
417806,Italy,2020-12-10,-28.0,2.0,-24.0,-40.0,-25.0,12.0
417807,Italy,2020-12-11,-29.0,4.0,-24.0,-39.0,-25.0,12.0
417808,Italy,2020-12-12,-35.0,-3.0,-19.0,-37.0,-21.0,11.0
417809,Italy,2020-12-13,-35.0,-17.0,-3.0,-30.0,-13.0,8.0
417810,Italy,2020-12-14,-19.0,-1.0,-12.0,-37.0,-24.0,10.0
417811,Italy,2020-12-15,-18.0,4.0,-11.0,-35.0,-24.0,10.0
417812,Italy,2020-12-16,-20.0,4.0,-12.0,-35.0,-23.0,10.0
417813,Italy,2020-12-17,-19.0,7.0,-12.0,-33.0,-24.0,10.0
417814,Italy,2020-12-18,-20.0,10.0,-11.0,-31.0,-24.0,10.0
417815,Italy,2020-12-19,-27.0,2.0,-8.0,-26.0,-20.0,8.0
417816,Italy,2020-12-20,-35.0,-8.0,-21.0,-30.0,-8.0,8.0
417817,Italy,2020-12-21,-8.0,15.0,-7.0,-35.0,-24.0,9.0
417818,Italy,2020-12-22,-5.0,25.0,4.0,-31.0,-25.0,8.0
417819,Italy,2020-12-23,0.0,46.0,9.0,-28.0,-29.0,7.0
417820,Italy,2020-12-24,-52.0,6.0,-47.0,-63.0,-62.0,24.0
417821,Italy,2020-12-25,-87.0,-88.0,-66.0,-82.0,-85.0,32.0
417822,Italy,2020-12-26,-85.0,-78.0,-60.0,-75.0,-67.0,22.0
417823,Italy,2020-12-27,-71.0,-27.0,-57.0,-62.0,-28.0,15.0
417824,Italy,2020-12-28,-36.0,-6.0,-32.0,-52.0,-48.0,19.0
417825,Italy,2020-12-29,-28.0,13.0,-17.0,-46.0,-45.0,17.0
417826,Italy,2020-12-30,-24.0,37.0,-15.0,-43.0,-44.0,16.0
417827,Italy,2020-12-31,-50.0,9.0,-37.0,-62.0,-62.0,24.0
417828,Italy,2021-01-01,-88.0,-90.0,-66.0,-83.0,-85.0,31.0
417829,Italy,2021-01-02,-69.0,-36.0,-66.0,-68.0,-49.0,21.0
417830,Italy,2021-01-03,-72.0,-42.0,-59.0,-62.0,-28.0,16.0
417831,Italy,2021-01-04,-23.0,15.0,-16.0,-45.0,-43.0,15.0
417832,Italy,2021-01-05,-47.0,5.0,-45.0,-58.0,-49.0,20.0
417833,Italy,2021-01-06,-73.0,-57.0,-45.0,-73.0,-78.0,31.0
417834,Italy,2021-01-07,-26.0,1.0,-23.0,-42.0,-29.0,13.0
417835,Italy,2021-01-08,-27.0,2.0,-17.0,-40.0,-28.0,13.0
417836,Italy,2021-01-09,-51.0,-13.0,-44.0,-50.0,-26.0,15.0
417837,Italy,2021-01-10,-66.0,-38.0,-57.0,-57.0,-23.0,15.0
417838,Italy,2021-01-11,-30.0,-5.0,-24.0,-42.0,-24.0,11.0
417839,Italy,2021-01-12,-30.0,-4.0,-18.0,-40.0,-25.0,11.0
417840,Italy,2021-01-13,-33.0,-6.0,-15.0,-41.0,-25.0,10.0
417841,Italy,2021-01-14,-36.0,-9.0,-24.0,-43.0,-28.0,11.0
417842,Italy,2021-01-15,-39.0,-10.0,-32.0,-44.0,-29.0,11.0
417843,Italy,2021-01-16,-44.0,-14.0,-21.0,-43.0,-28.0,10.0
417844,Italy,2021-01-17,-68.0,-41.0,-56.0,-60.0,-29.0,13.0
417845,Italy,2021-01-18,-41.0,-16.0,-27.0,-45.0,-30.0,11.0
417846,Italy,2021-01-19,-40.0,-14.0,-24.0,-44.0,-30.0,11.0
